panel,reference,alternative,direction,status,n,gain_change,standard_error,lower,upper,within_one_percentage_point_margin,method,stationarity_or_uncapped_error_certified
window_diagnostic,R16_H2048_alpha1_2_L100_zero_base,R16_H2048_alpha1_2_L100_zero_double_burn,alternative minus zero-start base,complete,32,-0.0031425445787687245,0.002574581596504237,-0.008393438363683847,0.0021083492061463984,True,paired multivariate delta method with full covariance; pointwise approximate,False
window_diagnostic,R16_H2048_alpha1_2_L100_zero_base,R16_H2048_alpha1_2_L100_zero_double_horizon,alternative minus zero-start base,complete,32,-0.0008312487639047239,0.001963022652717078,-0.004834859859701951,0.003172362331892503,True,paired multivariate delta method with full covariance; pointwise approximate,False
window_diagnostic,R64_H2048_alpha1_4_L100_zero_base,R64_H2048_alpha1_4_L100_zero_double_burn,alternative minus zero-start base,complete,32,0.0004141637243766372,0.0028768180968565867,-0.005453145466998896,0.00628147291575217,True,paired multivariate delta method with full covariance; pointwise approximate,False
window_diagnostic,R64_H2048_alpha1_4_L100_zero_base,R64_H2048_alpha1_4_L100_zero_double_horizon,alternative minus zero-start base,complete,32,0.00016522344339553463,0.0018338057337235244,-0.003574848008612425,0.003905294895403494,True,paired multivariate delta method with full covariance; pointwise approximate,False
window_diagnostic,R64_H2048_alpha1_2_L100_zero_base,R64_H2048_alpha1_2_L100_zero_double_burn,alternative minus zero-start base,complete,32,0.00275830219230766,0.002325429923774204,-0.001984443405882403,0.007501047790497723,True,paired multivariate delta method with full covariance; pointwise approximate,False
window_diagnostic,R64_H2048_alpha1_2_L100_zero_base,R64_H2048_alpha1_2_L100_zero_double_horizon,alternative minus zero-start base,complete,32,0.0023734969620244906,0.001621947625970571,-0.0009344870304932211,0.005681480954542202,True,paired multivariate delta method with full covariance; pointwise approximate,False
cap_diagnostic,R64_H1024_alpha1_4_L100_zero_base,R64_H2048_alpha1_4_L100_zero_base,H2048 minus H1024,complete,32,0.0008058814085412092,8.868419149823556e-05,0.0006250088074977637,0.0009867540095846545,True,paired multivariate delta method with full covariance; pointwise approximate,False
cap_diagnostic,R64_H1024_alpha1_2_L100_zero_base,R64_H2048_alpha1_2_L100_zero_base,H2048 minus H1024,complete,32,0.0001405239686975146,3.4677628614227824e-05,6.97984788496561e-05,0.0002112494585453731,True,paired multivariate delta method with full covariance; pointwise approximate,False
cap_diagnostic,R64_H1024_alpha4_5_L100_zero_base,R64_H2048_alpha4_5_L100_zero_base,H2048 minus H1024,complete,32,6.555456264611959e-05,4.1656237356886406e-05,-1.9403893569530615e-05,0.0001505130188617698,True,paired multivariate delta method with full covariance; pointwise approximate,False
start_diagnostic,R16_H2048_alpha1_2_L100_zero_base,R16_H2048_alpha1_2_L100_cap_base,alternative minus zero-start base,complete,32,0.0,5.760145486988522e-20,-1.1747894173912678e-19,1.1747894173912678e-19,True,paired multivariate delta method with full covariance; pointwise approximate,False
start_diagnostic,R64_H2048_alpha1_2_L100_zero_base,R64_H2048_alpha1_2_L100_cap_base,alternative minus zero-start base,complete,32,0.0,9.05207359088279e-20,-1.846182580637527e-19,1.846182580637527e-19,True,paired multivariate delta method with full covariance; pointwise approximate,False
start_diagnostic,R64_H2048_alpha1_4_L100_zero_base,R64_H2048_alpha1_4_L100_cap_base,alternative minus zero-start base,complete,32,0.0,9.503100346022587e-20,-1.9381700938167426e-19,1.9381700938167426e-19,True,paired multivariate delta method with full covariance; pointwise approximate,False
