group,family,L,initial,window,planned,complete_replications,statistical_summary_available,missing_replications
R1_H2048_alpha1_4_L100_zero_base,R1_H2048_alpha1_4,100,zero,base,32,32,True,[]
R1_H2048_alpha1_2_L100_zero_base,R1_H2048_alpha1_2,100,zero,base,32,32,True,[]
R1_H2048_alpha4_5_L100_zero_base,R1_H2048_alpha4_5,100,zero,base,32,32,True,[]
R4_H2048_alpha1_4_L100_zero_base,R4_H2048_alpha1_4,100,zero,base,32,32,True,[]
R4_H2048_alpha1_2_L100_zero_base,R4_H2048_alpha1_2,100,zero,base,32,32,True,[]
R4_H2048_alpha4_5_L100_zero_base,R4_H2048_alpha4_5,100,zero,base,32,32,True,[]
R16_H2048_alpha1_4_L100_zero_base,R16_H2048_alpha1_4,100,zero,base,32,32,True,[]
R16_H2048_alpha1_2_L100_zero_base,R16_H2048_alpha1_2,100,zero,base,32,32,True,[]
R16_H2048_alpha1_2_L100_zero_double_burn,R16_H2048_alpha1_2,100,zero,double_burn,32,32,True,[]
R16_H2048_alpha1_2_L100_zero_double_horizon,R16_H2048_alpha1_2,100,zero,double_horizon,32,32,True,[]
R16_H2048_alpha4_5_L100_zero_base,R16_H2048_alpha4_5,100,zero,base,32,32,True,[]
R64_H2048_alpha1_4_L100_zero_base,R64_H2048_alpha1_4,100,zero,base,32,32,True,[]
R64_H2048_alpha1_4_L100_zero_double_burn,R64_H2048_alpha1_4,100,zero,double_burn,32,32,True,[]
R64_H2048_alpha1_4_L100_zero_double_horizon,R64_H2048_alpha1_4,100,zero,double_horizon,32,32,True,[]
R64_H2048_alpha1_2_L100_zero_base,R64_H2048_alpha1_2,100,zero,base,32,32,True,[]
R64_H2048_alpha1_2_L100_zero_double_burn,R64_H2048_alpha1_2,100,zero,double_burn,32,32,True,[]
R64_H2048_alpha1_2_L100_zero_double_horizon,R64_H2048_alpha1_2,100,zero,double_horizon,32,32,True,[]
R64_H2048_alpha4_5_L100_zero_base,R64_H2048_alpha4_5,100,zero,base,32,32,True,[]
R64_H1024_alpha1_4_L100_zero_base,R64_H1024_alpha1_4,100,zero,base,32,32,True,[]
R64_H1024_alpha1_2_L100_zero_base,R64_H1024_alpha1_2,100,zero,base,32,32,True,[]
R64_H1024_alpha4_5_L100_zero_base,R64_H1024_alpha4_5,100,zero,base,32,32,True,[]
R16_H2048_alpha1_2_L100_cap_base,R16_H2048_alpha1_2,100,cap,base,32,32,True,[]
R64_H2048_alpha1_2_L100_cap_base,R64_H2048_alpha1_2,100,cap,base,32,32,True,[]
R64_H2048_alpha1_4_L100_cap_base,R64_H2048_alpha1_4,100,cap,base,32,32,True,[]
R1_H2048_alpha1_2_L50_zero_base,R1_H2048_alpha1_2,50,zero,base,32,32,True,[]
R1_H2048_alpha1_2_L200_zero_base,R1_H2048_alpha1_2,200,zero,base,32,32,True,[]
R1_H2048_alpha1_2_L400_zero_base,R1_H2048_alpha1_2,400,zero,base,32,32,True,[]
R1_H2048_alpha1_2_L800_zero_base,R1_H2048_alpha1_2,800,zero,base,32,32,True,[]
R1_H2048_alpha1_2_L1600_zero_base,R1_H2048_alpha1_2,1600,zero,base,32,32,True,[]
R16_H2048_alpha1_2_L50_zero_base,R16_H2048_alpha1_2,50,zero,base,32,32,True,[]
R16_H2048_alpha1_2_L200_zero_base,R16_H2048_alpha1_2,200,zero,base,32,32,True,[]
R16_H2048_alpha1_2_L400_zero_base,R16_H2048_alpha1_2,400,zero,base,32,32,True,[]
R16_H2048_alpha1_2_L800_zero_base,R16_H2048_alpha1_2,800,zero,base,32,32,True,[]
R16_H2048_alpha1_2_L1600_zero_base,R16_H2048_alpha1_2,1600,zero,base,32,32,True,[]
