group,family,R,H,alpha,L,initial,window,status,n,intended_family_size,interval_scope,mean_whittle,mean_myopic,gain_ratio_of_means,gain_percent,paired_fieller_set,critical,fieller_coefficients,gain_halfwidth,gain_halfwidth_target_met,within_one_percentage_point_equivalence_margin,lower_bound_at_least_five_percent_saving,outcome_is_not_a_computational_acceptance_criterion,finite_window_not_automatically_stationary,absolute_mean,absolute_standard_error,absolute_lower,absolute_upper
R1_H2048_alpha1_4_L100_zero_base,R1_H2048_alpha1_4,1,2048,1/4,100,zero,base,complete,32,12,95% nominal Bonferroni Fieller family of 12,1.9398162460327149,1.9330300521850585,-0.0035106509803017644,-0.35106509803017644,"{""intervals"": [[-0.004826282776852009, -0.0021974974171457815]], ""type"": ""bounded""}",3.09350558266835,"[3.736580125201886, 0.026244917476678793, 3.962921200628365e-05]",0.0013143926798531139,True,True,False,True,True,-0.006786193847656247,0.0008192667382992289,-0.00845709937660285,-0.005115288318709642
R1_H2048_alpha1_2_L100_zero_base,R1_H2048_alpha1_2,1,2048,1/2,100,zero,base,complete,32,12,95% nominal Bonferroni Fieller family of 12,1.1292489051818848,1.1282179641723633,-0.0009137782257152267,-0.09137782257152267,"{""intervals"": [[-0.0018790198832336633, 4.884548267319979e-05]], ""type"": ""bounded""}",3.09350558266835,"[1.272858357085266, 0.0023295527806769033, -1.168250187807505e-07]",0.0009639326829534316,True,True,False,True,True,-0.0010309410095214674,0.00035109797906457364,-0.00174701005882627,-0.00031487196021666485
R1_H2048_alpha4_5_L100_zero_base,R1_H2048_alpha4_5,1,2048,4/5,100,zero,base,complete,32,12,95% nominal Bonferroni Fieller family of 12,0.6176542091369629,0.6172058868408203,-0.0007263739794144263,-0.07263739794144262,"{""intervals"": [[-0.0014519977452440874, -4.2202666418786665e-08]], ""type"": ""bounded""}",3.09350558266835,"[0.38093764828217674, 0.0005531366829688027, 2.334316444059386e-11]",0.0007259777712888343,True,True,False,True,True,-0.00044832229614257674,0.00014491529092058584,-0.0007438789805635589,-0.00015276561172159457
R4_H2048_alpha1_4_L100_zero_base,R4_H2048_alpha1_4,4,2048,1/4,100,zero,base,complete,32,12,95% nominal Bonferroni Fieller family of 12,4.0472039794921875,4.809730930328369,0.15853838018837418,15.853838018837418,"{""intervals"": [[0.1541570603095769, 0.16290815464503736]], ""type"": ""bounded""}",3.09350558266835,"[23.13287970532301, -7.334631476287474, 0.5809462378742601]",0.004375547167730226,True,False,True,True,True,0.7625269508361816,0.007236305232852182,0.7477684090115508,0.7772854926608124
R4_H2048_alpha1_2_L100_zero_base,R4_H2048_alpha1_2,4,2048,1/2,100,zero,base,complete,32,12,95% nominal Bonferroni Fieller family of 12,2.2702886390686037,2.865496234893799,0.20771536482135874,20.771536482135875,"{""intervals"": [[0.20386785122009624, 0.21154480187063104]], ""type"": ""bounded""}",3.09350558266835,"[8.210714154538172, -3.41083455070629, 0.35410498170825394]",0.003838475325267404,True,False,True,True,True,0.5952075958251953,0.0041786679903904255,0.5866851462707678,0.6037300453796228
R4_H2048_alpha4_5_L100_zero_base,R4_H2048_alpha4_5,4,2048,4/5,100,zero,base,complete,32,12,95% nominal Bonferroni Fieller family of 12,1.313271255493164,1.6389431190490722,0.198708460208714,19.8708460208714,"{""intervals"": [[0.19435091766515075, 0.20304143427309645]], ""type"": ""bounded""}",3.09350558266835,"[2.6859743218312375, -1.067385652998254, 0.10599200916187584]",0.0043452583039728515,True,False,True,True,True,0.32567186355590816,0.002707534022008598,0.3201498115114459,0.3311939156003704
R16_H2048_alpha1_4_L100_zero_base,R16_H2048_alpha1_4,16,2048,1/4,100,zero,base,complete,32,12,95% nominal Bonferroni Fieller family of 12,10.637210025787354,16.45423309326172,0.3535274500187148,35.352745001871476,"{""intervals"": [[0.3444499136890037, 0.3625705023010194]], ""type"": ""bounded""}",3.09350558266835,"[270.6960199165707, -191.3876126082574, 33.80651622298855]",0.009060294306007854,True,False,True,True,True,5.8170230674743655,0.057136359310254695,5.700492694382964,5.933553440565767
R16_H2048_alpha1_2_L100_zero_base,R16_H2048_alpha1_2,16,2048,1/2,100,zero,base,complete,32,12,95% nominal Bonferroni Fieller family of 12,5.361478824615478,9.924974365234375,0.4597992269485455,45.97992269485455,"{""intervals"": [[0.45070509956799254, 0.468894389545095]], ""type"": ""bounded""}",3.09350558266835,"[98.4838032207743, -90.5656551277379, 20.81288669844658]",0.009094644988551226,True,False,True,True,True,4.563495540618897,0.03629258901046598,4.489476317327513,4.63751476391028
R16_H2048_alpha4_5_L100_zero_base,R16_H2048_alpha4_5,16,2048,4/5,100,zero,base,complete,32,12,95% nominal Bonferroni Fieller family of 12,3.7352826309204104,5.82854663848877,0.35913996016528443,35.91399601652844,"{""intervals"": [[0.3522990003100108, 0.3658600123437451]], ""type"": ""bounded""}",3.09350558266835,"[33.95523285719842, -24.385256503153986, 4.376561832681802]",0.006780506016867138,True,False,True,True,True,2.0932640075683593,0.023293353886625845,2.0457568991049158,2.140771116031803
R64_H2048_alpha1_4_L100_zero_base,R64_H2048_alpha1_4,64,2048,1/4,100,zero,base,complete,32,12,95% nominal Bonferroni Fieller family of 12,36.60065809726715,63.068914713859556,0.41967198479120077,41.96719847912008,"{""intervals"": [[0.4109004591736903, 0.4284578207143202]], ""type"": ""bounded""}",3.09350558266835,"[3977.265634626938, -3338.350841738163, 700.2115961309751]",0.008778680770314962,True,False,True,True,True,26.468256616592406,0.19314817943702525,26.074328307483608,26.862184925701204
R64_H2048_alpha1_2_L100_zero_base,R64_H2048_alpha1_2,64,2048,1/2,100,zero,base,complete,32,12,95% nominal Bonferroni Fieller family of 12,16.962582144737244,38.29439610481262,0.5570479268478271,55.70479268478271,"{""intervals"": [[0.5503686923194888, 0.5636924722046046]], ""type"": ""bounded""}",3.09350558266835,"[1466.1746657226804, -1633.4082554907327, 454.86410584204634]",0.006661889942557897,True,False,True,True,True,21.331813960075376,0.13797506873357923,21.050411952125774,21.613215968024978
R64_H2048_alpha4_5_L100_zero_base,R64_H2048_alpha4_5,64,2048,4/5,100,zero,base,complete,32,12,95% nominal Bonferroni Fieller family of 12,13.527684111595153,22.746482915878296,0.40528458128565953,40.52845812856595,"{""intervals"": [[0.39872911310901776, 0.4117696596560639]], ""type"": ""bounded""}",3.09350558266835,"[517.3012544893518, -419.2720319134568, 84.93287430346108]",0.006520273273523058,True,False,True,True,True,9.218798804283143,0.07468382354178779,9.06648014194137,9.371117466624916
