group,family,R,H,alpha,L,initial,window,policy,status,reuse_main,n,mean,standard_error,critical,lower,upper,halfwidth,zero_sample_variance,zero_sample_variance_is_not_a_rare_event_guarantee,interpretation,halfwidth_target,halfwidth_target_met,stationary_true_optimality_gap_measured,rare_event_caution,bound_per_project,raw_cost_mean,raw_gap_mean,boundary_mean,martingale_mean
R1_H2048_alpha1_2_L50_zero_base,R1_H2048_alpha1_2,1,2048,1/2,50,zero,base,WHITTLE_K,complete,False,32,0.04223835611305043,0.00013353649301285785,2.039513446396408,0.04196600663996609,0.04251070558613477,0.0002723494730843436,False,True,finite-window expectation; approximate normal replication means; no stationarity certificate,0.00110285446261056,True,False,False,1.10285446261056,1.1451267623901367,0.04227229977957655,-9.082082430071291e-05,0.0001247644908268347
R1_H2048_alpha1_2_L50_zero_base,R1_H2048_alpha1_2,1,2048,1/2,50,zero,base,WHITTLE_P,complete,False,32,0.07428555637861634,0.00015427084679139454,2.039513446396408,0.07397091891219833,0.07460019384503434,0.00031463746641800935,False,True,finite-window expectation; approximate normal replication means; no stationarity certificate,0.00110285446261056,True,False,False,1.10285446261056,1.1770250701904297,0.07417060757986951,-8.498846081025559e-05,-2.9960337936565624e-05
R1_H2048_alpha1_2_L50_zero_base,R1_H2048_alpha1_2,1,2048,1/2,50,zero,base,LAGRANGIAN_K,complete,False,32,0.16245940490553518,0.00042141628386228793,2.039513446396408,0.16159992072806764,0.1633188890830027,0.000859484177467542,False,True,finite-window expectation; approximate normal replication means; no stationarity certificate,0.00110285446261056,True,False,False,1.10285446261056,1.2653706741333008,0.16251621152274062,-9.343546282283361e-05,0.000150242080028277
R1_H2048_alpha1_2_L50_zero_base,R1_H2048_alpha1_2,1,2048,1/2,50,zero,base,LAGRANGIAN_NI,complete,False,32,0.046988950341868035,0.00013964157762188644,2.039513446396408,0.04670414946663219,0.04727375121710388,0.00028480087523584515,False,True,finite-window expectation; approximate normal replication means; no stationarity certificate,0.00110285446261056,True,False,False,1.10285446261056,1.1500141143798828,0.04715965176932264,-8.20190292973611e-05,0.0002527204567519658
R1_H2048_alpha1_2_L50_zero_base,R1_H2048_alpha1_2,1,2048,1/2,50,zero,base,LAGRANGIAN_FC,complete,False,32,0.03871985214056079,0.00015922028866438752,2.039513446396408,0.03839512022089066,0.039044584060230925,0.0003247319196701359,False,True,finite-window expectation; approximate normal replication means; no stationarity certificate,0.00110285446261056,True,False,False,1.10285446261056,1.1413545608520508,0.03850009824149061,-9.968357675541194e-05,-0.00012007032231477182
R1_H2048_alpha1_2_L50_zero_base,R1_H2048_alpha1_2,1,2048,1/2,50,zero,base,MYOPIC_K,complete,False,32,0.039284410177622936,0.00013774612694191667,2.039513446396408,0.03900347509953587,0.039565345255710004,0.00028093507808706563,False,True,finite-window expectation; approximate normal replication means; no stationarity certificate,0.00110285446261056,True,False,False,1.10285446261056,1.143027114868164,0.04017265225760389,-8.542872043035157e-05,0.0009736708004113046
R1_H2048_alpha1_2_L100_zero_base,R1_H2048_alpha1_2,1,2048,1/2,100,zero,base,WHITTLE_K,complete,True,32,0.025910549663715032,8.226325923903137e-05,2.039513446396408,0.025742772640352633,0.026078326687077432,0.00016777702336239804,False,True,finite-window expectation; approximate normal replication means; no stationarity certificate,0.00110285446261056,True,False,False,1.10285446261056,1.1292489051818848,0.026394442571324592,2.7400936718697653e-05,0.0004564919708908647
R1_H2048_alpha1_2_L100_zero_base,R1_H2048_alpha1_2,1,2048,1/2,100,zero,base,WHITTLE_P,complete,True,32,0.045734768680825634,9.369802479411293e-05,2.039513446396408,0.045543670299357256,0.04592586706229401,0.00019109838146837735,False,True,finite-window expectation; approximate normal replication means; no stationarity certificate,0.00110285446261056,True,False,False,1.10285446261056,1.1485582160949708,0.04570375348441053,1.7409161239304442e-05,-4.8424357654407835e-05
R1_H2048_alpha1_2_L100_zero_base,R1_H2048_alpha1_2,1,2048,1/2,100,zero,base,LAGRANGIAN_K,complete,True,32,0.11595883425734385,0.0003507072228953792,2.039513446396408,0.11524356216050038,0.11667410635418732,0.0007152720968434681,False,True,finite-window expectation; approximate normal replication means; no stationarity certificate,0.00110285446261056,True,False,False,1.10285446261056,1.218335781097412,0.11548131848685193,1.2526534237850495e-05,-0.0004900423047297643
R1_H2048_alpha1_2_L100_zero_base,R1_H2048_alpha1_2,1,2048,1/2,100,zero,base,LAGRANGIAN_NI,complete,True,32,0.03212275351463628,8.847521390328684e-05,2.039513446396408,0.03194230712620773,0.032303199903064836,0.00018044638842855195,False,True,finite-window expectation; approximate normal replication means; no stationarity certificate,0.00110285446261056,True,False,False,1.10285446261056,1.1348547554016113,0.032000292791051155,2.138894490782689e-05,-0.00014384966849294843
R1_H2048_alpha1_2_L100_zero_base,R1_H2048_alpha1_2,1,2048,1/2,100,zero,base,LAGRANGIAN_FC,complete,True,32,0.024450575806131754,8.541042026719973e-05,2.039513446396408,0.024276380105534432,0.024624771506729076,0.00017419570059732214,False,True,finite-window expectation; approximate normal replication means; no stationarity certificate,0.00110285446261056,True,False,False,1.10285446261056,1.1279917526245118,0.025137290013951548,2.433552650533163e-05,0.000662378681314463
R1_H2048_alpha1_2_L100_zero_base,R1_H2048_alpha1_2,1,2048,1/2,100,zero,base,MYOPIC_K,complete,True,32,0.02463251268826706,8.770091907198962e-05,2.039513446396408,0.024453645484558414,0.024811379891975707,0.00017886720370864604,False,True,finite-window expectation; approximate normal replication means; no stationarity certificate,0.00110285446261056,True,False,False,1.10285446261056,1.1282179641723633,0.02536350156180311,1.9852898636387158e-05,0.0007111359748996618
R1_H2048_alpha1_2_L200_zero_base,R1_H2048_alpha1_2,1,2048,1/2,200,zero,base,WHITTLE_K,complete,False,32,0.012664111048164606,4.709627725303046e-05,2.039513446396408,0.012568057557431837,0.012760164538897376,9.605349073276892e-05,False,True,finite-window expectation; approximate normal replication means; no stationarity certificate,0.00110285446261056,True,False,False,1.10285446261056,1.1144976902008057,0.011643227590245492,-4.59626179520695e-06,-0.0010162871961239062
R1_H2048_alpha1_2_L200_zero_base,R1_H2048_alpha1_2,1,2048,1/2,200,zero,base,WHITTLE_P,complete,False,32,0.025172645652961022,5.261589044814235e-05,2.039513446396408,0.025065334836897917,0.025279956469024128,0.00010731081606310666,False,True,finite-window expectation; approximate normal replication means; no stationarity certificate,0.00110285446261056,True,False,False,1.10285446261056,1.127255039215088,0.02440057660452772,-1.3820954777176832e-05,-0.0007582480936561267
R1_H2048_alpha1_2_L200_zero_base,R1_H2048_alpha1_2,1,2048,1/2,200,zero,base,LAGRANGIAN_K,complete,False,32,0.08225427892702245,0.00022210519808569883,2.039513446396408,0.08180129238901213,0.08270726546503276,0.00045298653801032054,False,True,finite-window expectation; approximate normal replication means; no stationarity certificate,0.00110285446261056,True,False,False,1.10285446261056,1.1849426078796386,0.0820881452690785,-1.2502038205441797e-05,-0.00015363161973850636
R1_H2048_alpha1_2_L200_zero_base,R1_H2048_alpha1_2,1,2048,1/2,200,zero,base,LAGRANGIAN_NI,complete,False,32,0.018199704904790337,4.681228532916286e-05,2.039513446396408,0.018104230619404964,0.01829517919017571,9.547428538537297e-05,False,True,finite-window expectation; approximate normal replication means; no stationarity certificate,0.00110285446261056,True,False,False,1.10285446261056,1.1202890586853027,0.017434596074742563,-9.489103631950992e-06,-0.0007556197264158246
R1_H2048_alpha1_2_L200_zero_base,R1_H2048_alpha1_2,1,2048,1/2,200,zero,base,LAGRANGIAN_FC,complete,False,32,0.016669400128114322,4.754324918453576e-05,2.039513446396408,0.016572435032117087,0.016766365224111558,9.696509599723575e-05,False,True,finite-window expectation; approximate normal replication means; no stationarity certificate,0.00110285446261056,True,False,False,1.10285446261056,1.11891939163208,0.016064929021519906,1.8910503215828504e-06,-0.0006063621569159988
R1_H2048_alpha1_2_L200_zero_base,R1_H2048_alpha1_2,1,2048,1/2,200,zero,base,MYOPIC_K,complete,False,32,0.016541284890143282,5.2725912395717756e-05,2.039513446396408,0.016433749682838696,0.016648820097447867,0.00010753520730458542,False,True,finite-window expectation; approximate normal replication means; no stationarity certificate,0.00110285446261056,True,False,False,1.10285446261056,1.1181092834472657,0.015254820836705454,-9.640578531299636e-07,-0.0012854999955846963
R1_H2048_alpha1_2_L400_zero_base,R1_H2048_alpha1_2,1,2048,1/2,400,zero,base,WHITTLE_K,complete,False,32,0.005795783247239111,2.567957770766829e-05,2.039513446396408,0.00574340940320654,0.005848157091271682,5.237384403257093e-05,False,True,finite-window expectation; approximate normal replication means; no stationarity certificate,0.00110285446261056,True,False,False,1.10285446261056,1.1081553411483764,0.005300878537816293,2.5939862167697848e-05,-0.0005208445715905148
R1_H2048_alpha1_2_L400_zero_base,R1_H2048_alpha1_2,1,2048,1/2,400,zero,base,WHITTLE_P,complete,False,32,0.011677590122073917,2.6867023643144817e-05,2.039513446396408,0.011622794466089072,0.011732385778058761,5.479565598484407e-05,False,True,finite-window expectation; approximate normal replication means; no stationarity certificate,0.00110285446261056,True,False,False,1.10285446261056,1.1140441656112672,0.011189703000706918,2.6509607076033266e-05,-0.0005143967284430322
R1_H2048_alpha1_2_L400_zero_base,R1_H2048_alpha1_2,1,2048,1/2,400,zero,base,LAGRANGIAN_K,complete,False,32,0.05810208878532853,0.00013987557107047937,2.039513446396408,0.05781681067730791,0.05838736689334915,0.0002852781080206191,False,True,finite-window expectation; approximate normal replication means; no stationarity certificate,0.00110285446261056,True,False,False,1.10285446261056,1.1606891775131225,0.05783471490256239,2.1060696466870014e-05,-0.00028843457923300825
R1_H2048_alpha1_2_L400_zero_base,R1_H2048_alpha1_2,1,2048,1/2,400,zero,base,LAGRANGIAN_NI,complete,False,32,0.00849940455498016,2.4492328153925134e-05,2.039513446396408,0.008449452122376676,0.008549356987583643,4.9952432603483626e-05,False,True,finite-window expectation; approximate normal replication means; no stationarity certificate,0.00110285446261056,True,False,False,1.10285446261056,1.1108000564575196,0.00794559384695936,2.651146680850386e-05,-0.0005803221748293042
R1_H2048_alpha1_2_L400_zero_base,R1_H2048_alpha1_2,1,2048,1/2,400,zero,base,LAGRANGIAN_FC,complete,False,32,0.006588730847538396,2.435031467089781e-05,2.039513446396408,0.006539068053343117,0.006638393641733676,4.966279419527981e-05,False,True,finite-window expectation; approximate normal replication means; no stationarity certificate,0.00110285446261056,True,False,False,1.10285446261056,1.1091454029083252,0.006290940297765024,1.9597716173917715e-05,-0.0003173882659472901
R1_H2048_alpha1_2_L400_zero_base,R1_H2048_alpha1_2,1,2048,1/2,400,zero,base,MYOPIC_K,complete,False,32,0.009477959331000213,3.0210048613122944e-05,2.039513446396408,0.009416345530637459,0.009539573131362966,6.16138003627534e-05,False,True,finite-window expectation; approximate normal replication means; no stationarity certificate,0.00110285446261056,True,False,False,1.10285446261056,1.1119380187988281,0.009083556188267953,2.4017195663805617e-05,-0.00041842033839606445
R1_H2048_alpha1_2_L800_zero_base,R1_H2048_alpha1_2,1,2048,1/2,800,zero,base,WHITTLE_K,complete,False,32,0.003349482942564124,1.239514241191919e-05,2.039513446396408,0.003324202882945016,0.0033747630021832317,2.5280059619107596e-05,False,True,finite-window expectation; approximate normal replication means; no stationarity certificate,0.00110285446261056,True,False,False,1.10285446261056,1.1058888173103332,0.0030343546997730806,7.690316562599275e-06,-0.0003228185593536429
R1_H2048_alpha1_2_L800_zero_base,R1_H2048_alpha1_2,1,2048,1/2,800,zero,base,WHITTLE_P,complete,False,32,0.0061995218129875,1.6805244137577995e-05,2.039513446396408,0.006165247291598935,0.006233796334376065,3.427452138856473e-05,False,True,finite-window expectation; approximate normal replication means; no stationarity certificate,0.00110285446261056,True,False,False,1.10285446261056,1.1086845636367797,0.005830101026219614,8.02761809942838e-06,-0.00037744840486731487
R1_H2048_alpha1_2_L800_zero_base,R1_H2048_alpha1_2,1,2048,1/2,800,zero,base,LAGRANGIAN_K,complete,False,32,0.042929076154440984,0.00010460735420114474,2.039513446396408,0.0427157280489558,0.04314242425992617,0.0002133481054851865,False,True,finite-window expectation; approximate normal replication means; no stationarity certificate,0.00110285446261056,True,False,False,1.10285446261056,1.1453527569770814,0.042498294366521125,9.864218572692603e-06,-0.0004406460064925502
R1_H2048_alpha1_2_L800_zero_base,R1_H2048_alpha1_2,1,2048,1/2,800,zero,base,LAGRANGIAN_NI,complete,False,32,0.004796151564785554,1.3437249742382484e-05,2.039513446396408,0.004768746113253378,0.004823557016317729,2.7405451532175747e-05,False,True,finite-window expectation; approximate normal replication means; no stationarity certificate,0.00110285446261056,True,False,False,1.10285446261056,1.1073134231567383,0.004458960546178109,7.317265110605229e-06,-0.00034450828371804937
R1_H2048_alpha1_2_L800_zero_base,R1_H2048_alpha1_2,1,2048,1/2,800,zero,base,LAGRANGIAN_FC,complete,False,32,0.003665987301503607,1.3387306830573938e-05,2.039513446396408,0.003638683709211617,0.003693290893795597,2.730359229199003e-05,False,True,finite-window expectation; approximate normal replication means; no stationarity certificate,0.00110285446261056,True,False,False,1.10285446261056,1.106250491142273,0.0033960285317127777,4.560718192401303e-06,-0.00027451948798323095
R1_H2048_alpha1_2_L800_zero_base,R1_H2048_alpha1_2,1,2048,1/2,800,zero,base,MYOPIC_K,complete,False,32,0.0059734265721081165,1.681865059272612e-05,2.039513446396408,0.005939124708074009,0.006007728436142224,3.430186403410784e-05,False,True,finite-window expectation; approximate normal replication means; no stationarity certificate,0.00110285446261056,True,False,False,1.10285446261056,1.1084963130950929,0.005641850484532602,7.754281062227563e-06,-0.00033933036863774196
R1_H2048_alpha1_2_L1600_zero_base,R1_H2048_alpha1_2,1,2048,1/2,1600,zero,base,WHITTLE_K,complete,False,32,0.0018764797989951573,1.087672522023397e-05,2.039513446396408,0.001854296571655731,0.0018986630263345835,2.2183227339426118e-05,False,True,finite-window expectation; approximate normal replication means; no stationarity certificate,0.00110285446261056,True,False,False,1.10285446261056,1.10431640625,0.0014619436394398284,-7.62395080620157e-06,-0.0004069122087491272
R1_H2048_alpha1_2_L1600_zero_base,R1_H2048_alpha1_2,1,2048,1/2,1600,zero,base,WHITTLE_P,complete,False,32,0.003185229688607821,1.3707071006459121e-05,2.039513446396408,0.003157273932979437,0.0032131854442362046,2.7955755628383726e-05,False,True,finite-window expectation; approximate normal replication means; no stationarity certificate,0.00110285446261056,True,False,False,1.10285446261056,1.105653841495514,0.0027993788849537443,-7.188499633406964e-06,-0.00037866230402066925
R1_H2048_alpha1_2_L1600_zero_base,R1_H2048_alpha1_2,1,2048,1/2,1600,zero,base,LAGRANGIAN_K,complete,False,32,0.032611682889652494,0.00010254228956164447,2.039513446396408,0.03240254651126725,0.03282081926803774,0.00020913637838524795,False,True,finite-window expectation; approximate normal replication means; no stationarity certificate,0.00110285446261056,True,False,False,1.10285446261056,1.1350654733181,0.0322110107075398,-6.868964694527374e-06,-0.0003938032174181618
R1_H2048_alpha1_2_L1600_zero_base,R1_H2048_alpha1_2,1,2048,1/2,1600,zero,base,LAGRANGIAN_NI,complete,False,32,0.0026004093403531768,1.1267132128606168e-05,2.039513446396408,0.0025774298728745595,0.002623388807831794,2.2979467478617263e-05,False,True,finite-window expectation; approximate normal replication means; no stationarity certificate,0.00110285446261056,True,False,False,1.10285446261056,1.1050667214393615,0.0022122588288014007,-6.9336486400422104e-06,-0.00038121686291173385
R1_H2048_alpha1_2_L1600_zero_base,R1_H2048_alpha1_2,1,2048,1/2,1600,zero,base,LAGRANGIAN_FC,complete,False,32,0.002013032054966851,1.0875874066987988e-05,2.039513446396408,0.001990850563565915,0.002035213546367787,2.218149140093599e-05,False,True,finite-window expectation; approximate normal replication means; no stationarity certificate,0.00110285446261056,True,False,False,1.10285446261056,1.1044561564922333,0.001601693881673105,-6.70107363029603e-06,-0.00040463709966345003
R1_H2048_alpha1_2_L1600_zero_base,R1_H2048_alpha1_2,1,2048,1/2,1600,zero,base,MYOPIC_K,complete,False,32,0.0038704791802238415,1.2182209312175151e-05,2.039513446396408,0.003845633400524845,0.003895324959922838,2.484577969899676e-05,False,True,finite-window expectation; approximate normal replication means; no stationarity certificate,0.00110285446261056,True,False,False,1.10285446261056,1.1064999794960022,0.003645516885442026,-7.415979549476462e-06,-0.0002175463152323391
R16_H2048_alpha1_2_L50_zero_base,R16_H2048_alpha1_2,16,2048,1/2,50,zero,base,WHITTLE_K,complete,False,32,0.5657327866083555,0.005518252205547996,2.039513446396408,0.5544782370345337,0.5769873361821772,0.011254549573821774,False,True,finite-window expectation; approximate normal replication means; no stationarity certificate,0.005070639619420735,False,False,False,5.070639619420735,5.626459922790527,0.5558203033697922,-0.0015596578573093165,-0.008352825381253998
R16_H2048_alpha1_2_L50_zero_base,R16_H2048_alpha1_2,16,2048,1/2,50,zero,base,WHITTLE_P,complete,False,32,0.7290710840985584,0.007577101840419618,2.039513446396408,0.7136174830103076,0.7445246851868091,0.015453601088250783,False,True,finite-window expectation; approximate normal replication means; no stationarity certificate,0.005070639619420735,False,False,False,5.070639619420735,5.782574882507324,0.7119352630865889,0.001036698768296104,-0.018172519780265472
R16_H2048_alpha1_2_L50_zero_base,R16_H2048_alpha1_2,16,2048,1/2,50,zero,base,LAGRANGIAN_K,complete,False,32,0.9751736711631354,0.007519190039892687,2.039513446396408,0.9598381819707643,0.9905091603555064,0.01533548919237108,False,True,finite-window expectation; approximate normal replication means; no stationarity certificate,0.005070639619420735,False,False,False,5.070639619420735,6.0554609298706055,0.9848213104498702,0.000503317424297111,0.009144321862437809
R16_H2048_alpha1_2_L50_zero_base,R16_H2048_alpha1_2,16,2048,1/2,50,zero,base,LAGRANGIAN_NI,complete,False,32,0.5743791494888897,0.0057850493790193545,2.039513446396408,0.5625804634923125,0.5861778354854669,0.011798685996577164,False,True,finite-window expectation; approximate normal replication means; no stationarity certificate,0.005070639619420735,False,False,False,5.070639619420735,5.646664733886719,0.5760251144659835,-1.5717913556382044e-05,0.0016616828906502617
R16_H2048_alpha1_2_L50_zero_base,R16_H2048_alpha1_2,16,2048,1/2,50,zero,base,LAGRANGIAN_FC,complete,False,32,0.5619690198468504,0.005605073772544646,2.039513446396408,0.5505373965197018,0.5734006431739991,0.011431623327148649,False,True,finite-window expectation; approximate normal replication means; no stationarity certificate,0.005070639619420735,False,False,False,5.070639619420735,5.632792053222657,0.562152433801921,-0.00011624717910226785,0.0002996611341728198
R16_H2048_alpha1_2_L50_zero_base,R16_H2048_alpha1_2,16,2048,1/2,50,zero,base,MYOPIC_K,complete,False,32,4.994151917402021,0.01784548115775105,2.039513446396408,4.957755818623373,5.030548016180668,0.03639609877864701,False,True,finite-window expectation; approximate normal replication means; no stationarity certificate,0.005070639619420735,False,False,False,5.070639619420735,10.020249633789062,4.949610014368328,-0.002204528597407774,-0.04233737443628573
R16_H2048_alpha1_2_L100_zero_base,R16_H2048_alpha1_2,16,2048,1/2,100,zero,base,WHITTLE_K,complete,True,32,0.31929570396552487,0.003298247209087273,2.039513446396408,0.312568884433052,0.32602252349799776,0.006726819532472918,False,True,finite-window expectation; approximate normal replication means; no stationarity certificate,0.005070639619420735,False,False,False,5.070639619420735,5.361478824615478,0.29083920519474327,0.001116700961912121,-0.02957319973269373
R16_H2048_alpha1_2_L100_zero_base,R16_H2048_alpha1_2,16,2048,1/2,100,zero,base,WHITTLE_P,complete,True,32,0.3888636607086746,0.003327053623505032,2.039513446396408,0.3820780901066542,0.395649231310695,0.006785570602020405,False,True,finite-window expectation; approximate normal replication means; no stationarity certificate,0.005070639619420735,False,False,False,5.070639619420735,5.430951175689697,0.36031155626896205,0.0015139763462731315,-0.030066080785985688
R16_H2048_alpha1_2_L100_zero_base,R16_H2048_alpha1_2,16,2048,1/2,100,zero,base,LAGRANGIAN_K,complete,True,32,0.6587118410671388,0.006977188675653372,2.039513446396408,0.644481770945099,0.6729419111891786,0.014230070122039801,False,True,finite-window expectation; approximate normal replication means; no stationarity certificate,0.005070639619420735,False,False,False,5.070639619420735,5.703057136535644,0.6324175171149093,0.001647404241908914,-0.027941728194138395
R16_H2048_alpha1_2_L100_zero_base,R16_H2048_alpha1_2,16,2048,1/2,100,zero,base,LAGRANGIAN_NI,complete,True,32,0.3238193379592708,0.003279780148431829,2.039513446396408,0.3171301822453201,0.33050849367322155,0.006689155713950723,False,True,finite-window expectation; approximate normal replication means; no stationarity certificate,0.005070639619420735,False,False,False,5.070639619420735,5.368638439178467,0.29799881975773157,0.0015132721047895542,-0.027333790306328827
R16_H2048_alpha1_2_L100_zero_base,R16_H2048_alpha1_2,16,2048,1/2,100,zero,base,LAGRANGIAN_FC,complete,True,32,0.31723527816027136,0.003275237679489143,2.039513446396408,0.3105553868728091,0.32391516944773363,0.006679891287462277,False,True,finite-window expectation; approximate normal replication means; no stationarity certificate,0.005070639619420735,False,False,False,5.070639619420735,5.359658546447754,0.2890189270270187,0.0008761230433541458,-0.029092474176606823
R16_H2048_alpha1_2_L100_zero_base,R16_H2048_alpha1_2,16,2048,1/2,100,zero,base,MYOPIC_K,complete,True,32,4.868545793911156,0.012718257405432563,2.039513446396408,4.842606736918045,4.894484850904266,0.025939056993110405,False,True,finite-window expectation; approximate normal replication means; no stationarity certificate,0.005070639619420735,False,False,False,5.070639619420735,9.924974365234375,4.85433474581364,0.001890670715045685,-0.016101718812561356
R16_H2048_alpha1_2_L200_zero_base,R16_H2048_alpha1_2,16,2048,1/2,200,zero,base,WHITTLE_K,complete,False,32,0.17256730639452011,0.0018673708409327977,2.039513446396408,0.1687587784550291,0.17637583433401113,0.003808527939491009,False,True,finite-window expectation; approximate normal replication means; no stationarity certificate,0.005070639619420735,True,False,False,5.070639619420735,5.217384986877441,0.14674536745670616,0.0031858980325116994,-0.029007836970325628
R16_H2048_alpha1_2_L200_zero_base,R16_H2048_alpha1_2,16,2048,1/2,200,zero,base,WHITTLE_P,complete,False,32,0.20824835486973545,0.0018296708846937103,2.039513446396408,0.2045167164979226,0.2119799932415483,0.0037316383718128342,False,True,finite-window expectation; approximate normal replication means; no stationarity certificate,0.005070639619420735,True,False,False,5.070639619420735,5.258803014755249,0.1881633953345138,0.002971527705084119,-0.023056487240305776
R16_H2048_alpha1_2_L200_zero_base,R16_H2048_alpha1_2,16,2048,1/2,200,zero,base,LAGRANGIAN_K,complete,False,32,0.44729105042229556,0.004897936924219329,2.039513446396408,0.43730164220574874,0.45728045863884237,0.009989408216546787,False,True,finite-window expectation; approximate normal replication means; no stationarity certificate,0.005070639619420735,False,False,False,5.070639619420735,5.4946356296539305,0.42399601023319544,0.002951720758333028,-0.026246760947433175
R16_H2048_alpha1_2_L200_zero_base,R16_H2048_alpha1_2,16,2048,1/2,200,zero,base,LAGRANGIAN_NI,complete,False,32,0.17699735791651416,0.0018829421997401817,2.039513446396408,0.17315707198135682,0.1808376438516715,0.003840285935157332,False,True,finite-window expectation; approximate normal replication means; no stationarity certificate,0.005070639619420735,True,False,False,5.070639619420735,5.224427423477173,0.15378780405643763,0.003488311989265493,-0.02669786584934205
R16_H2048_alpha1_2_L200_zero_base,R16_H2048_alpha1_2,16,2048,1/2,200,zero,base,LAGRANGIAN_FC,complete,False,32,0.1701957336095456,0.0019092239703423762,2.039513446396408,0.16630184564984998,0.1740896215692412,0.0038938879596956133,False,True,finite-window expectation; approximate normal replication means; no stationarity certificate,0.005070639619420735,True,False,False,5.070639619420735,5.212196779251099,0.1415571598303634,0.002994409245567074,-0.031632983024749275
R16_H2048_alpha1_2_L200_zero_base,R16_H2048_alpha1_2,16,2048,1/2,200,zero,base,MYOPIC_K,complete,False,32,4.771364201320739,0.00927365336131499,2.039513446396408,4.752450460593118,4.79027794204836,0.01891374072762117,False,True,finite-window expectation; approximate normal replication means; no stationarity certificate,0.005070639619420735,False,False,False,5.070639619420735,9.788427038192749,4.717787418772014,0.0027860884282777665,-0.05636287097700273
R16_H2048_alpha1_2_L400_zero_base,R16_H2048_alpha1_2,16,2048,1/2,400,zero,base,WHITTLE_K,complete,False,32,0.08662554900150142,0.0012055519829316055,2.039513446396408,0.08416680952198256,0.08908428848102028,0.0024587394795188627,False,True,finite-window expectation; approximate normal replication means; no stationarity certificate,0.005070639619420735,True,False,False,5.070639619420735,5.137323198318481,0.06668357889774622,0.000892890227123977,-0.02083486033087919
R16_H2048_alpha1_2_L400_zero_base,R16_H2048_alpha1_2,16,2048,1/2,400,zero,base,WHITTLE_P,complete,False,32,0.11333391550104803,0.0011333025322354273,2.039513446396408,0.11102252974771877,0.11564530125437729,0.0023113857533292527,False,True,finite-window expectation; approximate normal replication means; no stationarity certificate,0.005070639619420735,True,False,False,5.070639619420735,5.16198392868042,0.09134430925968469,0.0010021014703239268,-0.02299170771168727
R16_H2048_alpha1_2_L400_zero_base,R16_H2048_alpha1_2,16,2048,1/2,400,zero,base,LAGRANGIAN_K,complete,False,32,0.3045348428722559,0.004282630453087964,2.039513446396408,0.29580036047723623,0.3132693252672756,0.008734482395019644,False,True,finite-window expectation; approximate normal replication means; no stationarity certificate,0.005070639619420735,False,False,False,5.070639619420735,5.354137411117554,0.2834977916968185,0.0008245062189970572,-0.02186155739443448
R16_H2048_alpha1_2_L400_zero_base,R16_H2048_alpha1_2,16,2048,1/2,400,zero,base,LAGRANGIAN_NI,complete,False,32,0.095745952371032,0.0011954661517122414,2.039513446396408,0.09330778307990312,0.0981841216621609,0.002438169291128885,False,True,finite-window expectation; approximate normal replication means; no stationarity certificate,0.005070639619420735,True,False,False,5.070639619420735,5.145805759429932,0.07516614000919641,0.0009912239643046683,-0.021571036326140273
R16_H2048_alpha1_2_L400_zero_base,R16_H2048_alpha1_2,16,2048,1/2,400,zero,base,LAGRANGIAN_FC,complete,False,32,0.08985619020300095,0.0011958641793206866,2.039513446396408,0.08741720912921261,0.0922951712767893,0.002438981073788346,False,True,finite-window expectation; approximate normal replication means; no stationarity certificate,0.005070639619420735,True,False,False,5.070639619420735,5.135004272460938,0.06436465304020227,0.0007348971372174969,-0.026226434300016175
R16_H2048_alpha1_2_L400_zero_base,R16_H2048_alpha1_2,16,2048,1/2,400,zero,base,MYOPIC_K,complete,False,32,4.7064865650748615,0.005872182367653678,2.039513446396408,4.69451017017634,4.718462959973383,0.011976394898521574,False,True,finite-window expectation; approximate normal replication means; no stationarity certificate,0.005070639619420735,False,False,False,5.070639619420735,9.739319715499878,4.668680096079143,-0.00010326112322608678,-0.03770320787249279
R16_H2048_alpha1_2_L800_zero_base,R16_H2048_alpha1_2,16,2048,1/2,800,zero,base,WHITTLE_K,complete,False,32,0.03761567619003751,0.00048028620745179366,2.039513446396408,0.03663612601182084,0.038595226368254174,0.000979550178216668,False,True,finite-window expectation; approximate normal replication means; no stationarity certificate,0.005070639619420735,True,False,False,5.070639619420735,5.11960116147995,0.04896154205921472,0.0012850886554236541,0.010060777213753558
R16_H2048_alpha1_2_L800_zero_base,R16_H2048_alpha1_2,16,2048,1/2,800,zero,base,WHITTLE_P,complete,False,32,0.052950355060732736,0.0004648047831919788,2.039513446396408,0.05200237945546333,0.053898330666002144,0.000947975605269408,False,True,finite-window expectation; approximate normal replication means; no stationarity certificate,0.005070639619420735,True,False,False,5.070639619420735,5.134266982078552,0.06362736265781702,0.0013152021318383069,0.009361805465245971
R16_H2048_alpha1_2_L800_zero_base,R16_H2048_alpha1_2,16,2048,1/2,800,zero,base,LAGRANGIAN_K,complete,False,32,0.19953248059954146,0.002372700614503252,2.039513446396408,0.19469332579198906,0.20437163540709385,0.004839154807552403,False,True,finite-window expectation; approximate normal replication means; no stationarity certificate,0.005070639619420735,True,False,False,5.070639619420735,5.280754363536834,0.21011474411609948,0.0011031144586907769,0.009479149057867254
R16_H2048_alpha1_2_L800_zero_base,R16_H2048_alpha1_2,16,2048,1/2,800,zero,base,LAGRANGIAN_NI,complete,False,32,0.04365010118731302,0.00048393219327596334,2.039513446396408,0.042663114971982594,0.04463708740264345,0.0009869862153304328,False,True,finite-window expectation; approximate normal replication means; no stationarity certificate,0.005070639619420735,True,False,False,5.070639619420735,5.125881872177124,0.05524225275638879,0.001334948088042154,0.010257203481033615
R16_H2048_alpha1_2_L800_zero_base,R16_H2048_alpha1_2,16,2048,1/2,800,zero,base,LAGRANGIAN_FC,complete,False,32,0.043004281421879606,0.0004643102479264728,2.039513446396408,0.042057314427933916,0.043951248415825296,0.0009469669939456913,False,True,finite-window expectation; approximate normal replication means; no stationarity certificate,0.005070639619420735,True,False,False,5.070639619420735,5.124726142883301,0.05408652346256555,0.0012329773029476473,0.009849264737738297
R16_H2048_alpha1_2_L800_zero_base,R16_H2048_alpha1_2,16,2048,1/2,800,zero,base,MYOPIC_K,complete,False,32,4.7014302367514125,0.004181503352776357,2.039513446396408,4.692902004437274,4.709958469065551,0.008528232314139045,False,True,finite-window expectation; approximate normal replication means; no stationarity certificate,0.005070639619420735,False,False,False,5.070639619420735,9.79044690847397,4.719807289053233,0.001363321909876228,0.01701373039194437
R16_H2048_alpha1_2_L1600_zero_base,R16_H2048_alpha1_2,16,2048,1/2,1600,zero,base,WHITTLE_K,complete,False,32,0.017063849651664846,0.00027467531230232115,2.039513446396408,0.01650364565883113,0.017624053644498563,0.0005602039928337167,False,True,finite-window expectation; approximate normal replication means; no stationarity certificate,0.005070639619420735,True,False,False,5.070639619420735,5.093037312030792,0.022397692610057005,-0.00037968179938071997,0.005713524757772878
R16_H2048_alpha1_2_L1600_zero_base,R16_H2048_alpha1_2,16,2048,1/2,1600,zero,base,WHITTLE_P,complete,False,32,0.02559620252590016,0.0002692681127246245,2.039513446396408,0.0250470265893125,0.026145378462487816,0.0005491759365876555,False,True,finite-window expectation; approximate normal replication means; no stationarity certificate,0.005070639619420735,True,False,False,5.070639619420735,5.10217787027359,0.03153825085285485,-0.00042290236092418763,0.0063649506878788835
R16_H2048_alpha1_2_L1600_zero_base,R16_H2048_alpha1_2,16,2048,1/2,1600,zero,base,LAGRANGIAN_K,complete,False,32,0.14280209615023304,0.0018303953393335533,2.039513446396408,0.13906898024344094,0.14653521205702513,0.0037331159067920984,False,True,finite-window expectation; approximate normal replication means; no stationarity certificate,0.005070639619420735,True,False,False,5.070639619420735,5.215490950345993,0.14485133092525782,-0.00039969482166043595,0.002448929596685197
R16_H2048_alpha1_2_L1600_zero_base,R16_H2048_alpha1_2,16,2048,1/2,1600,zero,base,LAGRANGIAN_NI,complete,False,32,0.021138394848152806,0.00027292137833488336,2.039513446396408,0.02058176802722977,0.02169502166907584,0.000556626820923036,False,True,finite-window expectation; approximate normal replication means; no stationarity certificate,0.005070639619420735,True,False,False,5.070639619420735,5.097355973720551,0.026716354299815306,-0.00037021394048317445,0.005948173392145672
R16_H2048_alpha1_2_L1600_zero_base,R16_H2048_alpha1_2,16,2048,1/2,1600,zero,base,LAGRANGIAN_FC,complete,False,32,0.01783919993793196,0.000273613895741588,2.039513446396408,0.017281160718446088,0.018397239157417835,0.0005580392194858737,False,True,finite-window expectation; approximate normal replication means; no stationarity certificate,0.005070639619420735,True,False,False,5.070639619420735,5.094526958465576,0.02388733904484094,-0.0004216083732721271,0.006469747480181106
R16_H2048_alpha1_2_L1600_zero_base,R16_H2048_alpha1_2,16,2048,1/2,1600,zero,base,MYOPIC_K,complete,False,32,4.708589692469287,0.0030706570108399826,2.039513446396408,4.702327046206408,4.714852338732166,0.006262646262879546,False,True,finite-window expectation; approximate normal replication means; no stationarity certificate,0.005070639619420735,False,False,False,5.070639619420735,9.766283591985703,4.695643972564968,-0.0007001804403577581,-0.012245539463962167
