group,family,R,H,alpha,L,initial,window,policy,minus_policy,status,intended_family_size,interval_scope,n,mean,standard_error,critical,lower,upper,halfwidth,zero_sample_variance,zero_sample_variance_is_not_a_rare_event_guarantee,interpretation
R1_H2048_alpha1_4_L100_zero_base,R1_H2048_alpha1_4,1,2048,1/4,100,zero,base,WHITTLE_P,WHITTLE_K,complete,48,separate secondary 48-contrast nominal family,32,0.029528465270996077,0.0008754646747246623,3.6183900855997315,0.026360692571679563,0.03269623797031259,0.003167772699316512,False,True,finite-window expectation; approximate normal replication means; no stationarity certificate
R1_H2048_alpha1_4_L100_zero_base,R1_H2048_alpha1_4,1,2048,1/4,100,zero,base,LAGRANGIAN_K,WHITTLE_K,complete,48,separate secondary 48-contrast nominal family,32,0.1401434326171875,0.0008983940393882699,3.6183900855997315,0.1368926925321031,0.14339417270227192,0.0032507400850844107,False,True,finite-window expectation; approximate normal replication means; no stationarity certificate
R1_H2048_alpha1_4_L100_zero_base,R1_H2048_alpha1_4,1,2048,1/4,100,zero,base,LAGRANGIAN_NI,WHITTLE_K,complete,48,separate secondary 48-contrast nominal family,32,0.005764293670654293,0.0007242754255360347,3.6183900855997315,0.003143582651651178,0.008385004689657407,0.0026207110190031146,False,True,finite-window expectation; approximate normal replication means; no stationarity certificate
R1_H2048_alpha1_4_L100_zero_base,R1_H2048_alpha1_4,1,2048,1/4,100,zero,base,LAGRANGIAN_FC,WHITTLE_K,complete,48,separate secondary 48-contrast nominal family,32,-0.006461868286132828,0.0006883863244813942,3.6183900855997315,-0.008952718537698745,-0.003971018034566912,0.0024908502515659163,False,True,finite-window expectation; approximate normal replication means; no stationarity certificate
R1_H2048_alpha1_2_L100_zero_base,R1_H2048_alpha1_2,1,2048,1/2,100,zero,base,WHITTLE_P,WHITTLE_K,complete,48,separate secondary 48-contrast nominal family,32,0.019309310913085964,0.0004939337387461106,3.6183900855997315,0.017522065969863828,0.0210965558563081,0.0017872449432221346,False,True,finite-window expectation; approximate normal replication means; no stationarity certificate
R1_H2048_alpha1_2_L100_zero_base,R1_H2048_alpha1_2,1,2048,1/2,100,zero,base,LAGRANGIAN_K,WHITTLE_K,complete,48,separate secondary 48-contrast nominal family,32,0.08908687591552737,0.0004894688844481487,3.6183900855997315,0.08731578655683063,0.09085796527422411,0.0017710893586967418,False,True,finite-window expectation; approximate normal replication means; no stationarity certificate
R1_H2048_alpha1_2_L100_zero_base,R1_H2048_alpha1_2,1,2048,1/2,100,zero,base,LAGRANGIAN_NI,WHITTLE_K,complete,48,separate secondary 48-contrast nominal family,32,0.005605850219726587,0.0004330163015748626,3.6183900855997315,0.00403902832720504,0.007172672112248133,0.0015668218925215464,False,True,finite-window expectation; approximate normal replication means; no stationarity certificate
R1_H2048_alpha1_2_L100_zero_base,R1_H2048_alpha1_2,1,2048,1/2,100,zero,base,LAGRANGIAN_FC,WHITTLE_K,complete,48,separate secondary 48-contrast nominal family,32,-0.0012571525573730272,0.00043096116067839436,3.6183900855997315,-0.002816538148450282,0.00030223303370422784,0.001559385591077255,False,True,finite-window expectation; approximate normal replication means; no stationarity certificate
R1_H2048_alpha4_5_L100_zero_base,R1_H2048_alpha4_5,1,2048,4/5,100,zero,base,WHITTLE_P,WHITTLE_K,complete,48,separate secondary 48-contrast nominal family,32,0.006328334808349611,0.00011583894572807383,3.6183900855997315,0.005909184315600823,0.006747485301098399,0.0004191504927487877,False,True,finite-window expectation; approximate normal replication means; no stationarity certificate
R1_H2048_alpha4_5_L100_zero_base,R1_H2048_alpha4_5,1,2048,4/5,100,zero,base,LAGRANGIAN_K,WHITTLE_K,complete,48,separate secondary 48-contrast nominal family,32,0.1264291763305664,0.00041932136048141534,3.6183900855997315,0.12491190807712027,0.12794644458401255,0.0015172682534461443,False,True,finite-window expectation; approximate normal replication means; no stationarity certificate
R1_H2048_alpha4_5_L100_zero_base,R1_H2048_alpha4_5,1,2048,4/5,100,zero,base,LAGRANGIAN_NI,WHITTLE_K,complete,48,separate secondary 48-contrast nominal family,32,0.00172536849975587,0.00010161480310192705,3.6183900855997315,0.0013576865036616884,0.002093050495850052,0.00036768199609418166,False,True,finite-window expectation; approximate normal replication means; no stationarity certificate
R1_H2048_alpha4_5_L100_zero_base,R1_H2048_alpha4_5,1,2048,4/5,100,zero,base,LAGRANGIAN_FC,WHITTLE_K,complete,48,separate secondary 48-contrast nominal family,32,-0.0009357643127441417,0.0003125245296044745,3.6183900855997315,-0.002066599972171692,0.00019507134668340855,0.0011308356594275503,False,True,finite-window expectation; approximate normal replication means; no stationarity certificate
R4_H2048_alpha1_4_L100_zero_base,R4_H2048_alpha1_4,4,2048,1/4,100,zero,base,WHITTLE_P,WHITTLE_K,complete,48,separate secondary 48-contrast nominal family,32,0.06479907989501947,0.0036359207641724132,3.6183900855997315,0.05164290024991181,0.07795525954012714,0.013156179645107659,False,True,finite-window expectation; approximate normal replication means; no stationarity certificate
R4_H2048_alpha1_4_L100_zero_base,R4_H2048_alpha1_4,4,2048,1/4,100,zero,base,LAGRANGIAN_K,WHITTLE_K,complete,48,separate secondary 48-contrast nominal family,32,0.26942810058593747,0.004309100543978244,3.6183900855997315,0.2538360938997542,0.28502010727212074,0.01559200668618329,False,True,finite-window expectation; approximate normal replication means; no stationarity certificate
R4_H2048_alpha1_4_L100_zero_base,R4_H2048_alpha1_4,4,2048,1/4,100,zero,base,LAGRANGIAN_NI,WHITTLE_K,complete,48,separate secondary 48-contrast nominal family,32,0.008970527648925725,0.002979487254400658,3.6183900855997315,-0.0018104194925683808,0.019751474790419832,0.010780947141494105,False,True,finite-window expectation; approximate normal replication means; no stationarity certificate
R4_H2048_alpha1_4_L100_zero_base,R4_H2048_alpha1_4,4,2048,1/4,100,zero,base,LAGRANGIAN_FC,WHITTLE_K,complete,48,separate secondary 48-contrast nominal family,32,-0.015297985076904275,0.004272038760684267,3.6183900855997315,-0.03075588777386199,0.00015991762005344162,0.015457902696957716,False,True,finite-window expectation; approximate normal replication means; no stationarity certificate
R4_H2048_alpha1_2_L100_zero_base,R4_H2048_alpha1_2,4,2048,1/2,100,zero,base,WHITTLE_P,WHITTLE_K,complete,48,separate secondary 48-contrast nominal family,32,0.03371946334838871,0.0015132793187621074,3.6183900855997315,0.028243828464636786,0.03919509823214064,0.005475634883751925,False,True,finite-window expectation; approximate normal replication means; no stationarity certificate
R4_H2048_alpha1_2_L100_zero_base,R4_H2048_alpha1_2,4,2048,1/2,100,zero,base,LAGRANGIAN_K,WHITTLE_K,complete,48,separate secondary 48-contrast nominal family,32,0.19828248977661134,0.0022603407828299593,3.6183900855997315,0.19010369509794267,0.20646128445528,0.00817879467866866,False,True,finite-window expectation; approximate normal replication means; no stationarity certificate
R4_H2048_alpha1_2_L100_zero_base,R4_H2048_alpha1_2,4,2048,1/2,100,zero,base,LAGRANGIAN_NI,WHITTLE_K,complete,48,separate secondary 48-contrast nominal family,32,0.007273826599121139,0.0016720141505915114,3.6183900855997315,0.0012238271736383574,0.01332382602460392,0.006049999425482781,False,True,finite-window expectation; approximate normal replication means; no stationarity certificate
R4_H2048_alpha1_2_L100_zero_base,R4_H2048_alpha1_2,4,2048,1/2,100,zero,base,LAGRANGIAN_FC,WHITTLE_K,complete,48,separate secondary 48-contrast nominal family,32,-0.005653038024902274,0.0015775384870985458,3.6183900855997315,-0.011361187646271653,5.5111596467104056e-05,0.005708149621369378,False,True,finite-window expectation; approximate normal replication means; no stationarity certificate
R4_H2048_alpha4_5_L100_zero_base,R4_H2048_alpha4_5,4,2048,4/5,100,zero,base,WHITTLE_P,WHITTLE_K,complete,48,separate secondary 48-contrast nominal family,32,0.012035675048828118,0.0004065872219951964,3.6183900855997315,0.010564483875829162,0.013506866221827073,0.0014711911729989558,False,True,finite-window expectation; approximate normal replication means; no stationarity certificate
R4_H2048_alpha4_5_L100_zero_base,R4_H2048_alpha4_5,4,2048,4/5,100,zero,base,LAGRANGIAN_K,WHITTLE_K,complete,48,separate secondary 48-contrast nominal family,32,0.08210594177246094,0.0005794889357657195,3.6183900855997315,0.08000912475257152,0.08420275879235037,0.002096817019889419,False,True,finite-window expectation; approximate normal replication means; no stationarity certificate
R4_H2048_alpha4_5_L100_zero_base,R4_H2048_alpha4_5,4,2048,4/5,100,zero,base,LAGRANGIAN_NI,WHITTLE_K,complete,48,separate secondary 48-contrast nominal family,32,0.002955188751220708,0.0003524103297928249,3.6183900855997315,0.0016800307078354189,0.004230346794605998,0.0012751580433852893,False,True,finite-window expectation; approximate normal replication means; no stationarity certificate
R4_H2048_alpha4_5_L100_zero_base,R4_H2048_alpha4_5,4,2048,4/5,100,zero,base,LAGRANGIAN_FC,WHITTLE_K,complete,48,separate secondary 48-contrast nominal family,32,-0.00037359237670898243,0.0004966932900154718,3.6183900855997315,-0.002170822452884878,0.001423637699466913,0.0017972300761758954,False,True,finite-window expectation; approximate normal replication means; no stationarity certificate
R16_H2048_alpha1_4_L100_zero_base,R16_H2048_alpha1_4,16,2048,1/4,100,zero,base,WHITTLE_P,WHITTLE_K,complete,48,separate secondary 48-contrast nominal family,32,0.26418592453002926,0.02398243360532998,3.6183900855997315,0.17740812454394944,0.3509637245161091,0.08677779998607983,False,True,finite-window expectation; approximate normal replication means; no stationarity certificate
R16_H2048_alpha1_4_L100_zero_base,R16_H2048_alpha1_4,16,2048,1/4,100,zero,base,LAGRANGIAN_K,WHITTLE_K,complete,48,separate secondary 48-contrast nominal family,32,0.9357690238952636,0.03108089470232529,3.6183900855997315,0.8233062226528005,1.0482318251377267,0.11246280124246305,False,True,finite-window expectation; approximate normal replication means; no stationarity certificate
R16_H2048_alpha1_4_L100_zero_base,R16_H2048_alpha1_4,16,2048,1/4,100,zero,base,LAGRANGIAN_NI,WHITTLE_K,complete,48,separate secondary 48-contrast nominal family,32,0.03442277908325192,0.01954114270617936,3.6183900855997315,-0.036284697946076985,0.10513025611258082,0.0707074770293289,False,True,finite-window expectation; approximate normal replication means; no stationarity certificate
R16_H2048_alpha1_4_L100_zero_base,R16_H2048_alpha1_4,16,2048,1/4,100,zero,base,LAGRANGIAN_FC,WHITTLE_K,complete,48,separate secondary 48-contrast nominal family,32,-0.058757610321044984,0.028084633887310508,3.6183900855997315,-0.16037877113658758,0.04286355049449761,0.1016211608155426,False,True,finite-window expectation; approximate normal replication means; no stationarity certificate
R16_H2048_alpha1_2_L100_zero_base,R16_H2048_alpha1_2,16,2048,1/2,100,zero,base,WHITTLE_P,WHITTLE_K,complete,48,separate secondary 48-contrast nominal family,32,0.0694723510742187,0.0085258166315677,3.6183900855997315,0.038622620702912835,0.10032208144552457,0.030849730371305863,False,True,finite-window expectation; approximate normal replication means; no stationarity certificate
R16_H2048_alpha1_2_L100_zero_base,R16_H2048_alpha1_2,16,2048,1/2,100,zero,base,LAGRANGIAN_K,WHITTLE_K,complete,48,separate secondary 48-contrast nominal family,32,0.34157831192016597,0.00898403743814973,3.6183900855997315,0.3090705599253082,0.37408606391502375,0.032507751994857795,False,True,finite-window expectation; approximate normal replication means; no stationarity certificate
R16_H2048_alpha1_2_L100_zero_base,R16_H2048_alpha1_2,16,2048,1/2,100,zero,base,LAGRANGIAN_NI,WHITTLE_K,complete,48,separate secondary 48-contrast nominal family,32,0.007159614562988248,0.0049064882231768725,3.6183900855997315,-0.01059397377886679,0.024913202904843286,0.017753588341855038,False,True,finite-window expectation; approximate normal replication means; no stationarity certificate
R16_H2048_alpha1_2_L100_zero_base,R16_H2048_alpha1_2,16,2048,1/2,100,zero,base,LAGRANGIAN_FC,WHITTLE_K,complete,48,separate secondary 48-contrast nominal family,32,-0.0018202781677245927,0.009202856528102321,3.6183900855997315,-0.0351198029882068,0.031479246652757614,0.03329952482048221,False,True,finite-window expectation; approximate normal replication means; no stationarity certificate
R16_H2048_alpha4_5_L100_zero_base,R16_H2048_alpha4_5,16,2048,4/5,100,zero,base,WHITTLE_P,WHITTLE_K,complete,48,separate secondary 48-contrast nominal family,32,0.014679985046386762,0.0009657152368453293,3.6183900855997315,0.011185650607873026,0.0181743194849005,0.003494334438513736,False,True,finite-window expectation; approximate normal replication means; no stationarity certificate
R16_H2048_alpha4_5_L100_zero_base,R16_H2048_alpha4_5,16,2048,4/5,100,zero,base,LAGRANGIAN_K,WHITTLE_K,complete,48,separate secondary 48-contrast nominal family,32,0.08272138595581055,0.0011743279730307941,3.6183900855997315,0.0784722092609535,0.0869705626506676,0.004249176694857054,False,True,finite-window expectation; approximate normal replication means; no stationarity certificate
R16_H2048_alpha4_5_L100_zero_base,R16_H2048_alpha4_5,16,2048,4/5,100,zero,base,LAGRANGIAN_NI,WHITTLE_K,complete,48,separate secondary 48-contrast nominal family,32,0.0018703269958496027,0.0005861099823821098,3.6183900855997315,-0.00025044755347285695,0.003991101545172062,0.0021207745493224597,False,True,finite-window expectation; approximate normal replication means; no stationarity certificate
R16_H2048_alpha4_5_L100_zero_base,R16_H2048_alpha4_5,16,2048,4/5,100,zero,base,LAGRANGIAN_FC,WHITTLE_K,complete,48,separate secondary 48-contrast nominal family,32,-0.0011683845520019387,0.0006541578452281852,3.6183900855997315,-0.0035353828135928876,0.0011986137095890102,0.002366998261590949,False,True,finite-window expectation; approximate normal replication means; no stationarity certificate
R64_H2048_alpha1_4_L100_zero_base,R64_H2048_alpha1_4,64,2048,1/4,100,zero,base,WHITTLE_P,WHITTLE_K,complete,48,separate secondary 48-contrast nominal family,32,1.105914645195007,0.08267649134372379,3.6183900855997315,0.8067588486047048,1.4050704417853093,0.29915579659030217,False,True,finite-window expectation; approximate normal replication means; no stationarity certificate
R64_H2048_alpha1_4_L100_zero_base,R64_H2048_alpha1_4,64,2048,1/4,100,zero,base,LAGRANGIAN_K,WHITTLE_K,complete,48,separate secondary 48-contrast nominal family,32,3.7371448040008537,0.11762592026242019,3.6183900855997315,3.311528340313768,4.162761267687939,0.4256164636870858,False,True,finite-window expectation; approximate normal replication means; no stationarity certificate
R64_H2048_alpha1_4_L100_zero_base,R64_H2048_alpha1_4,64,2048,1/4,100,zero,base,LAGRANGIAN_NI,WHITTLE_K,complete,48,separate secondary 48-contrast nominal family,32,0.07903044700622597,0.08902144207813797,3.6183900855997315,-0.24308385641509922,0.40114475042755116,0.3221143034213252,False,True,finite-window expectation; approximate normal replication means; no stationarity certificate
R64_H2048_alpha1_4_L100_zero_base,R64_H2048_alpha1_4,64,2048,1/4,100,zero,base,LAGRANGIAN_FC,WHITTLE_K,complete,48,separate secondary 48-contrast nominal family,32,-0.2017339277267456,0.09521231801536507,3.6183900855997315,-0.5462492352605113,0.1427813798070201,0.3445153075337657,False,True,finite-window expectation; approximate normal replication means; no stationarity certificate
R64_H2048_alpha1_2_L100_zero_base,R64_H2048_alpha1_2,64,2048,1/2,100,zero,base,WHITTLE_P,WHITTLE_K,complete,48,separate secondary 48-contrast nominal family,32,0.22338885784149165,0.031160110413135322,3.6183900855997315,0.11063942325640985,0.33613829242657345,0.1127494345850818,False,True,finite-window expectation; approximate normal replication means; no stationarity certificate
R64_H2048_alpha1_2_L100_zero_base,R64_H2048_alpha1_2,64,2048,1/2,100,zero,base,LAGRANGIAN_K,WHITTLE_K,complete,48,separate secondary 48-contrast nominal family,32,0.37129621028900156,0.016394916599496014,3.6183900855997315,0.31197300661115074,0.4306194139668524,0.05932320367785084,False,True,finite-window expectation; approximate normal replication means; no stationarity certificate
R64_H2048_alpha1_2_L100_zero_base,R64_H2048_alpha1_2,64,2048,1/2,100,zero,base,LAGRANGIAN_NI,WHITTLE_K,complete,48,separate secondary 48-contrast nominal family,32,0.008121757507324023,0.014589752735861381,3.6183900855997315,-0.044669659143468356,0.0609131741581164,0.05279141665079238,False,True,finite-window expectation; approximate normal replication means; no stationarity certificate
R64_H2048_alpha1_2_L100_zero_base,R64_H2048_alpha1_2,64,2048,1/2,100,zero,base,LAGRANGIAN_FC,WHITTLE_K,complete,48,separate secondary 48-contrast nominal family,32,-0.006212458610534877,0.03763011597197747,3.6183900855997315,-0.14237289716350626,0.1299479799424365,0.13616043855297139,False,True,finite-window expectation; approximate normal replication means; no stationarity certificate
R64_H2048_alpha4_5_L100_zero_base,R64_H2048_alpha4_5,64,2048,4/5,100,zero,base,WHITTLE_P,WHITTLE_K,complete,48,separate secondary 48-contrast nominal family,32,0.019574980735778735,0.0022691480145604443,3.6183900855997315,0.011364318057134908,0.027785643414422564,0.008210662678643827,False,True,finite-window expectation; approximate normal replication means; no stationarity certificate
R64_H2048_alpha4_5_L100_zero_base,R64_H2048_alpha4_5,64,2048,4/5,100,zero,base,LAGRANGIAN_K,WHITTLE_K,complete,48,separate secondary 48-contrast nominal family,32,0.08094412803649909,0.00156148331824492,3.6183900855997315,0.0752940722789323,0.08659418379406587,0.005650055757566789,False,True,finite-window expectation; approximate normal replication means; no stationarity certificate
R64_H2048_alpha4_5_L100_zero_base,R64_H2048_alpha4_5,64,2048,4/5,100,zero,base,LAGRANGIAN_NI,WHITTLE_K,complete,48,separate secondary 48-contrast nominal family,32,0.0017929315567016268,0.001424899627640225,3.6183900855997315,-0.0033629111289265124,0.006948774242329766,0.005155842685628139,False,True,finite-window expectation; approximate normal replication means; no stationarity certificate
R64_H2048_alpha4_5_L100_zero_base,R64_H2048_alpha4_5,64,2048,4/5,100,zero,base,LAGRANGIAN_FC,WHITTLE_K,complete,48,separate secondary 48-contrast nominal family,32,-0.0011893796920777744,0.001507913143899264,3.6183900855997315,-0.006645597661908393,0.004266838277752844,0.005456217969830619,False,True,finite-window expectation; approximate normal replication means; no stationarity certificate
