panel,reference,alternative,policy,direction,status,relevance_margin,cost_per_project_mean,cost_per_project_standard_error,cost_per_project_lower,cost_per_project_upper,cost_per_project_interval_inside_margin,residual_gap_per_project_mean,residual_gap_per_project_standard_error,residual_gap_per_project_lower,residual_gap_per_project_upper,residual_gap_per_project_interval_inside_margin,cap_fraction_per_project_mean,cap_fraction_per_project_standard_error,cap_fraction_per_project_lower,cap_fraction_per_project_upper,shadow_minus_capped_cost_per_project_mean,shadow_minus_capped_cost_per_project_standard_error,shadow_minus_capped_cost_per_project_lower,shadow_minus_capped_cost_per_project_upper,bound_change_per_project
window_diagnostic,R16_H2048_alpha1_2_L100_zero_base,R16_H2048_alpha1_2_L100_zero_double_burn,WHITTLE_K,alternative minus zero-start base,complete,0.025353198097103676,-0.0034895324707031328,0.03403623772960707,-0.07290689698498151,0.06592783204357525,False,-0.006609507458408029,0.003502911031127001,-0.013753741607921855,0.0005347266911057968,True,0.0,0.0,0.0,0.0,0.0,0.0,0.0,0.0,0.0
window_diagnostic,R16_H2048_alpha1_2_L100_zero_base,R16_H2048_alpha1_2_L100_zero_double_burn,WHITTLE_P,alternative minus zero-start base,complete,0.025353198097103676,-0.005516319274902315,0.03581496363767756,-0.07856141919614412,0.06752878064633949,False,-0.006322517872951209,0.0031224677016332206,-0.012690832736370651,4.5796990468231595e-05,True,0.0,0.0,0.0,0.0,0.0,0.0,0.0,0.0,0.0
window_diagnostic,R16_H2048_alpha1_2_L100_zero_base,R16_H2048_alpha1_2_L100_zero_double_burn,LAGRANGIAN_K,alternative minus zero-start base,complete,0.025353198097103676,-0.004419860839843803,0.030257540324367668,-0.0661305211862732,0.057290799506585596,False,-0.007613439992980496,0.007563048887401206,-0.02303837989458865,0.007811499908627657,True,0.0,0.0,0.0,0.0,0.0,0.0,0.0,0.0,0.0
window_diagnostic,R16_H2048_alpha1_2_L100_zero_base,R16_H2048_alpha1_2_L100_zero_double_burn,LAGRANGIAN_NI,alternative minus zero-start base,complete,0.025353198097103676,-0.010867385864257784,0.034534533614888924,-0.0813010315368525,0.059566259808336935,False,-0.006688617053464177,0.0034319571711415677,-0.013688139851463983,0.00031090574453562954,True,0.0,0.0,0.0,0.0,0.0,0.0,0.0,0.0,0.0
window_diagnostic,R16_H2048_alpha1_2_L100_zero_base,R16_H2048_alpha1_2_L100_zero_double_burn,LAGRANGIAN_FC,alternative minus zero-start base,complete,0.025353198097103676,-0.0066098022460937544,0.03531993732747469,-0.0786452893513568,0.06542568485916929,False,-0.007564008021901537,0.003460770985058196,-0.01462229698082627,-0.0005057190629768026,True,0.0,0.0,0.0,0.0,0.0,0.0,0.0,0.0,0.0
window_diagnostic,R16_H2048_alpha1_2_L100_zero_base,R16_H2048_alpha1_2_L100_zero_double_burn,MYOPIC_K,alternative minus zero-start base,complete,0.025353198097103676,-0.06382558822631851,0.05338204772554231,-0.17269899235873684,0.045047815906099825,False,-0.015372198955898725,0.013896896728130622,-0.04371510669610338,0.01297070878430593,False,0.0,0.0,0.0,0.0,0.0,0.0,0.0,0.0,0.0
window_diagnostic,R16_H2048_alpha1_2_L100_zero_base,R16_H2048_alpha1_2_L100_zero_double_horizon,WHITTLE_K,alternative minus zero-start base,complete,0.025353198097103676,-0.007492494583129866,0.02288716433636248,-0.05417117399702547,0.03918618483076574,False,-0.005906000968210867,0.002400255529617924,-0.010801354395653957,-0.0010106475407677786,True,0.0,0.0,0.0,0.0,0.0,0.0,0.0,0.0,0.0
window_diagnostic,R16_H2048_alpha1_2_L100_zero_base,R16_H2048_alpha1_2_L100_zero_double_horizon,WHITTLE_P,alternative minus zero-start base,complete,0.025353198097103676,-0.007322959899902309,0.02366643563015609,-0.05559097359588071,0.04094505379607609,False,-0.005056244462192595,0.002347718708581278,-0.00984444833670052,-0.00026804058768466806,True,0.0,0.0,0.0,0.0,0.0,0.0,0.0,0.0,0.0
window_diagnostic,R16_H2048_alpha1_2_L100_zero_base,R16_H2048_alpha1_2_L100_zero_double_horizon,LAGRANGIAN_K,alternative minus zero-start base,complete,0.025353198097103676,-0.010565719604492207,0.020637333368185334,-0.05265583850667147,0.03152439929768706,False,-0.0076814924998096605,0.005388503850868102,-0.018671418559613982,0.0033084335599946595,True,0.0,0.0,0.0,0.0,0.0,0.0,0.0,0.0,0.0
window_diagnostic,R16_H2048_alpha1_2_L100_zero_base,R16_H2048_alpha1_2_L100_zero_double_horizon,LAGRANGIAN_NI,alternative minus zero-start base,complete,0.025353198097103676,-0.008802976608276392,0.023630868817559818,-0.05699845131171923,0.03939249809516645,False,-0.005771278354889388,0.002387034991887769,-0.010639668317863234,-0.0009028883919155418,True,0.0,0.0,0.0,0.0,0.0,0.0,0.0,0.0,0.0
window_diagnostic,R16_H2048_alpha1_2_L100_zero_base,R16_H2048_alpha1_2_L100_zero_double_horizon,LAGRANGIAN_FC,alternative minus zero-start base,complete,0.025353198097103676,-0.011904935836792058,0.02458614622334989,-0.06204871165438243,0.038238839980798314,False,-0.006576423239406593,0.002407260971533175,-0.011486064359833785,-0.0016667821189794013,True,0.0,0.0,0.0,0.0,0.0,0.0,0.0,0.0,0.0
window_diagnostic,R16_H2048_alpha1_2_L100_zero_base,R16_H2048_alpha1_2_L100_zero_double_horizon,MYOPIC_K,alternative minus zero-start base,complete,0.025353198097103676,-0.029097385406494203,0.03700919550375084,-0.10457813727670753,0.04638336646371913,False,-0.0109554989182154,0.009298992265217122,-0.029920918681061916,0.008009920844631115,False,0.0,0.0,0.0,0.0,0.0,0.0,0.0,0.0,0.0
window_diagnostic,R64_H2048_alpha1_4_L100_zero_base,R64_H2048_alpha1_4_L100_zero_double_burn,WHITTLE_K,alternative minus zero-start base,complete,0.17477831729040524,0.018002867698669434,0.2207089459711915,-0.432135995349554,0.46814173074689286,False,0.009290040593292588,0.023395082434997248,-0.038424544612436724,0.0570046257990219,True,0.0,0.0,0.0,0.0,0.0,0.0,0.0,0.0,0.0
window_diagnostic,R64_H2048_alpha1_4_L100_zero_base,R64_H2048_alpha1_4_L100_zero_double_burn,WHITTLE_P,alternative minus zero-start base,complete,0.17477831729040524,0.09896459579467809,0.2226403375336492,-0.3551133663154344,0.5530425579047906,False,-0.011118243690732069,0.025874514548404417,-0.06388966403118236,0.041653176649718224,True,0.0,0.0,0.0,0.0,0.0,0.0,0.0,0.0,0.0
window_diagnostic,R64_H2048_alpha1_4_L100_zero_base,R64_H2048_alpha1_4_L100_zero_double_burn,LAGRANGIAN_K,alternative minus zero-start base,complete,0.17477831729040524,0.15545651435852115,0.1856923205567399,-0.22326547030950206,0.5341784990265444,False,-0.015428610620086575,0.055233661177441246,-0.12807840528518127,0.09722118404500811,True,0.0,0.0,0.0,0.0,0.0,0.0,0.0,0.0,0.0
window_diagnostic,R64_H2048_alpha1_4_L100_zero_base,R64_H2048_alpha1_4_L100_zero_double_burn,LAGRANGIAN_NI,alternative minus zero-start base,complete,0.17477831729040524,0.06186933040618858,0.2221137241799151,-0.39113459668793127,0.5148732575003084,False,-0.00817756015078848,0.024135452689687815,-0.057402140446271135,0.04104702014469418,True,0.0,0.0,0.0,0.0,0.0,0.0,0.0,0.0,0.0
window_diagnostic,R64_H2048_alpha1_4_L100_zero_base,R64_H2048_alpha1_4_L100_zero_double_burn,LAGRANGIAN_FC,alternative minus zero-start base,complete,0.17477831729040524,0.03693665504455579,0.2532574352843399,-0.4795852896177236,0.5534585997068352,False,-0.008647093679476733,0.023768483221862195,-0.0571232348109121,0.03982904745195864,True,0.0,0.0,0.0,0.0,0.0,0.0,0.0,0.0,0.0
window_diagnostic,R64_H2048_alpha1_4_L100_zero_base,R64_H2048_alpha1_4_L100_zero_double_burn,MYOPIC_K,alternative minus zero-start base,complete,0.17477831729040524,0.07608668804168728,0.25050805724485403,-0.4348278631398337,0.5870012392232082,False,0.026539004133486865,0.0343180685704606,-0.0434531581703215,0.09653116643729523,True,1.4305114746093747e-07,6.787705642859216e-07,-1.2413105454182773e-06,1.527412840340152e-06,1.3947486877441406e-05,3.471862292129992e-05,-5.686161141091632e-05,8.475658516579913e-05,0.0
window_diagnostic,R64_H2048_alpha1_4_L100_zero_base,R64_H2048_alpha1_4_L100_zero_double_horizon,WHITTLE_K,alternative minus zero-start base,complete,0.17477831729040524,0.0017343831062313075,0.14018057802839481,-0.2841657907063008,0.28763455691876344,False,0.00695349295915073,0.017726231101844837,-0.029199393726992033,0.04310637964529349,True,0.0,0.0,0.0,0.0,0.0,0.0,0.0,0.0,0.0
window_diagnostic,R64_H2048_alpha1_4_L100_zero_base,R64_H2048_alpha1_4_L100_zero_double_horizon,WHITTLE_P,alternative minus zero-start base,complete,0.17477831729040524,0.02157996177673338,0.13773936007920512,-0.2593413152028421,0.30250123875630885,False,-0.006164019588907721,0.020081918092046628,-0.04712136156706812,0.03479332238925268,True,0.0,0.0,0.0,0.0,0.0,0.0,0.0,0.0,0.0
window_diagnostic,R64_H2048_alpha1_4_L100_zero_base,R64_H2048_alpha1_4_L100_zero_double_horizon,LAGRANGIAN_K,alternative minus zero-start base,complete,0.17477831729040524,0.039304473400116,0.11699457475063513,-0.19930753495923403,0.27791648175946604,False,-0.024752737363248678,0.03631634712755413,-0.0988204156538949,0.04931494092739755,True,0.0,0.0,0.0,0.0,0.0,0.0,0.0,0.0,0.0
window_diagnostic,R64_H2048_alpha1_4_L100_zero_base,R64_H2048_alpha1_4_L100_zero_double_horizon,LAGRANGIAN_NI,alternative minus zero-start base,complete,0.17477831729040524,0.03808768033981247,0.14701406210037393,-0.2617494761232567,0.33792483680288166,False,-0.0008920954784652838,0.01771720198706352,-0.037026567163602496,0.03524237620667193,True,0.0,0.0,0.0,0.0,0.0,0.0,0.0,0.0,0.0
window_diagnostic,R64_H2048_alpha1_4_L100_zero_base,R64_H2048_alpha1_4_L100_zero_double_horizon,LAGRANGIAN_FC,alternative minus zero-start base,complete,0.17477831729040524,-0.02172441244125345,0.13696044271262323,-0.30105707697805345,0.25760825209554655,False,-0.002864309680539842,0.01631488159035275,-0.03613873006042949,0.030410110699349804,True,0.0,0.0,0.0,0.0,0.0,0.0,0.0,0.0,0.0
window_diagnostic,R64_H2048_alpha1_4_L100_zero_base,R64_H2048_alpha1_4_L100_zero_double_horizon,MYOPIC_K,alternative minus zero-start base,complete,0.17477831729040524,0.020950751304626758,0.1641894287663056,-0.31391579642039874,0.35581729902965226,False,0.008672139959419178,0.027545323191385977,-0.04750691707474734,0.0648511969935857,True,-1.9073486328125017e-08,3.5186451028227567e-07,-7.367058863585135e-07,6.985589137022635e-07,5.2976608276367185e-06,1.746164507154371e-05,-3.0315599091978253e-05,4.091092074725169e-05,0.0
window_diagnostic,R64_H2048_alpha1_2_L100_zero_base,R64_H2048_alpha1_2_L100_zero_double_burn,WHITTLE_K,alternative minus zero-start base,complete,0.0739974568429684,-0.11271325588226333,0.10106930743296066,-0.31884546740975905,0.0934189556452324,False,0.006807072055112613,0.015027309243601138,-0.023841327210368947,0.03745547132059417,True,0.0,0.0,0.0,0.0,0.0,0.0,0.0,0.0,0.0
window_diagnostic,R64_H2048_alpha1_2_L100_zero_base,R64_H2048_alpha1_2_L100_zero_double_burn,WHITTLE_P,alternative minus zero-start base,complete,0.0739974568429684,-0.12461863994598399,0.09156071250451794,-0.31135794426058405,0.0621206643686161,False,0.004229327038079281,0.013835588652039519,-0.023988542056564872,0.032447196132723434,True,0.0,0.0,0.0,0.0,0.0,0.0,0.0,0.0,0.0
window_diagnostic,R64_H2048_alpha1_2_L100_zero_base,R64_H2048_alpha1_2_L100_zero_double_burn,LAGRANGIAN_K,alternative minus zero-start base,complete,0.0739974568429684,-0.11090731143951466,0.09518551062957,-0.3050394402706309,0.08322481739160159,False,0.015718789302231376,0.01819177094605981,-0.021383572156021116,0.05282115076048387,True,0.0,0.0,0.0,0.0,0.0,0.0,0.0,0.0,0.0
window_diagnostic,R64_H2048_alpha1_2_L100_zero_base,R64_H2048_alpha1_2_L100_zero_double_burn,LAGRANGIAN_NI,alternative minus zero-start base,complete,0.0739974568429684,-0.10730495452880895,0.1000690045543789,-0.3113970348849681,0.09678712582735022,False,0.010349877675960933,0.015437634328458568,-0.0211353851174811,0.04183514046940297,True,0.0,0.0,0.0,0.0,0.0,0.0,0.0,0.0,0.0
window_diagnostic,R64_H2048_alpha1_2_L100_zero_base,R64_H2048_alpha1_2_L100_zero_double_burn,LAGRANGIAN_FC,alternative minus zero-start base,complete,0.0739974568429684,-0.1147238636016849,0.09353649453148259,-0.3054928019274278,0.07604507472405794,False,0.003690410903929492,0.016967533322474544,-0.03091510145943646,0.038295923267295445,True,0.0,0.0,0.0,0.0,0.0,0.0,0.0,0.0,0.0
window_diagnostic,R64_H2048_alpha1_2_L100_zero_base,R64_H2048_alpha1_2_L100_zero_double_burn,MYOPIC_K,alternative minus zero-start base,complete,0.0739974568429684,-0.01609686374664232,0.19828633444201096,-0.4205045090777789,0.3883107815844943,False,0.010979236996510267,0.056477113261334096,-0.10420659491363353,0.12616506890665408,False,0.0,0.0,0.0,0.0,0.0,0.0,0.0,0.0,0.0
window_diagnostic,R64_H2048_alpha1_2_L100_zero_base,R64_H2048_alpha1_2_L100_zero_double_horizon,WHITTLE_K,alternative minus zero-start base,complete,0.0739974568429684,-0.10226724147796656,0.07064143671593504,-0.246341401532877,0.04180691857694388,False,0.004372527406957885,0.011385009339587162,-0.018847352228478824,0.027592407042394594,True,0.0,0.0,0.0,0.0,0.0,0.0,0.0,0.0,0.0
window_diagnostic,R64_H2048_alpha1_2_L100_zero_base,R64_H2048_alpha1_2_L100_zero_double_horizon,WHITTLE_P,alternative minus zero-start base,complete,0.0739974568429684,-0.1206848359107971,0.06460053733427261,-0.25243850044847926,0.011068828626885074,False,0.0028666921225515146,0.011145496779074355,-0.01986469842513849,0.02559808267024152,True,0.0,0.0,0.0,0.0,0.0,0.0,0.0,0.0,0.0
window_diagnostic,R64_H2048_alpha1_2_L100_zero_base,R64_H2048_alpha1_2_L100_zero_double_horizon,LAGRANGIAN_K,alternative minus zero-start base,complete,0.0739974568429684,-0.11317908048629832,0.06793810625022224,-0.25173976170633444,0.025381600733737797,False,0.008965442760966391,0.013329970767527791,-0.018221211859477587,0.03615209738141037,True,0.0,0.0,0.0,0.0,0.0,0.0,0.0,0.0,0.0
window_diagnostic,R64_H2048_alpha1_2_L100_zero_base,R64_H2048_alpha1_2_L100_zero_double_horizon,LAGRANGIAN_NI,alternative minus zero-start base,complete,0.0739974568429684,-0.11614321708679204,0.07062851535273541,-0.2601910238477111,0.027904589674126984,False,0.005224511031161214,0.01178413125619989,-0.018809383119958657,0.029258405182281084,True,0.0,0.0,0.0,0.0,0.0,0.0,0.0,0.0,0.0
window_diagnostic,R64_H2048_alpha1_2_L100_zero_base,R64_H2048_alpha1_2_L100_zero_double_horizon,LAGRANGIAN_FC,alternative minus zero-start base,complete,0.0739974568429684,-0.11946752786636367,0.06485684812104803,-0.2517439417001307,0.0128088859674034,False,0.0027249664497997136,0.01254216069631002,-0.02285493893718911,0.028304871836788537,True,0.0,0.0,0.0,0.0,0.0,0.0,0.0,0.0,0.0
window_diagnostic,R64_H2048_alpha1_2_L100_zero_base,R64_H2048_alpha1_2_L100_zero_double_horizon,MYOPIC_K,alternative minus zero-start base,complete,0.0739974568429684,-0.02581970453262228,0.1250980129926061,-0.280958784148515,0.22931937508327044,False,-0.006064300504038056,0.03947072458379942,-0.08656537403170624,0.07443677302363012,False,0.0,0.0,0.0,0.0,0.0,0.0,0.0,0.0,0.0
cap_diagnostic,R64_H1024_alpha1_4_L100_zero_base,R64_H2048_alpha1_4_L100_zero_base,WHITTLE_K,H2048 minus H1024,complete,0.17477831729040524,0.01920393943786669,0.004717264103160776,0.009583015869267195,0.028824863006466188,True,0.0025515540428494854,0.000922295218977553,0.0006705205421976463,0.004432587543501325,True,-0.00015488624572753906,1.2650652292392556e-05,-0.00018068742118355923,-0.00012908507027151888,-0.0206591272354126,0.0030164360271196203,-0.026811189072917626,-0.014507065397907571,0.014655652369462757
cap_diagnostic,R64_H1024_alpha1_4_L100_zero_base,R64_H2048_alpha1_4_L100_zero_base,WHITTLE_P,H2048 minus H1024,complete,0.17477831729040524,0.03284428119659455,0.009438684329976566,0.01359395758931627,0.05209460480387283,True,0.004622582410247711,0.000816761460793457,0.0029567864284610825,0.00628837839203434,True,-0.00016158103942871094,1.4255160715722172e-05,-0.00019065463138896816,-0.00013250744746845373,-0.021506590843200682,0.003181961843864192,-0.02799624480968201,-0.015016936876719355,0.014655652369462757
cap_diagnostic,R64_H1024_alpha1_4_L100_zero_base,R64_H2048_alpha1_4_L100_zero_base,LAGRANGIAN_K,H2048 minus H1024,complete,0.17477831729040524,0.016175951957702495,0.008566573678150145,-0.0012956902484302611,0.033647594163835254,True,0.006583354407457498,0.0016333283937710072,0.003252159185980481,0.009914549628934514,True,-0.00017061710357666016,1.3813320229339656e-05,-0.0001987895559237779,-0.0001424446512295424,-0.023344144821166993,0.0031647062026315736,-0.029798605675328202,-0.016889683967005784,0.014655652369462757
cap_diagnostic,R64_H1024_alpha1_4_L100_zero_base,R64_H2048_alpha1_4_L100_zero_base,LAGRANGIAN_NI,H2048 minus H1024,complete,0.17477831729040524,0.01975384712219297,0.005665580322846942,0.008198819872107728,0.03130887437227821,True,0.0029971570692683344,0.0005948977465524586,0.0017838551159436726,0.004210459022592997,True,-0.00015120506286621095,1.3512090410212381e-05,-0.00017876315294676305,-0.00012364697278565884,-0.020145869255065917,0.0030958862784132043,-0.026459970948403782,-0.013831767561728051,0.014655652369462757
cap_diagnostic,R64_H1024_alpha1_4_L100_zero_base,R64_H2048_alpha1_4_L100_zero_base,LAGRANGIAN_FC,H2048 minus H1024,complete,0.17477831729040524,0.018999037742614355,0.002860309382410702,0.013165398296333921,0.02483267718889479,True,0.0035650663184175063,0.00010084216369772434,0.00335939736959229,0.0037707352672427226,True,-0.00014411449432373048,1.1782236321566286e-05,-0.00016814452373018507,-0.00012008446491727589,-0.018999037742614747,0.002860309382410603,-0.024832677188894977,-0.013165398296334518,0.014655652369462757
cap_diagnostic,R64_H1024_alpha1_4_L100_zero_base,R64_H2048_alpha1_4_L100_zero_base,MYOPIC_K,H2048 minus H1024,complete,0.17477831729040524,0.12050580024719149,0.008183126716348802,0.10381620327563242,0.13719539721875054,True,0.09632318145754004,0.0008941760167111748,0.09449949744801242,0.09814686546706766,True,-0.0009078502655029297,3.3826265977691746e-05,-0.0009768393898058135,-0.0008388611412000461,-0.11948524951934815,0.008107364824628692,-0.13602032909401962,-0.10295016994467668,0.014655652369462757
cap_diagnostic,R64_H1024_alpha1_2_L100_zero_base,R64_H2048_alpha1_2_L100_zero_base,WHITTLE_K,H2048 minus H1024,complete,0.0739974568429684,0.004166622161865308,0.00098550815666358,0.002156665024816598,0.006176579298914017,True,0.0008276281048694017,1.0616392406539315e-05,0.0008059758298040441,0.0008492803799347594,True,-3.864765167236328e-05,5.381847628601119e-06,-4.962400227735189e-05,-2.7671301067374674e-05,-0.004175806045532226,0.000984960162710989,-0.006184645541546082,-0.0021669665495183702,0.004161102621955237
cap_diagnostic,R64_H1024_alpha1_2_L100_zero_base,R64_H2048_alpha1_2_L100_zero_base,WHITTLE_P,H2048 minus H1024,complete,0.0739974568429684,0.004348664283752968,0.0010575770074535337,0.002191721756451811,0.006505606811054124,True,0.0010488329521001621,0.00012002673419124622,0.000804036813790068,0.0012936290904102562,True,-3.93056869506836e-05,5.842193844523739e-06,-5.122091985304409e-05,-2.7390454048323103e-05,-0.004395856857299805,0.0010541720928328665,-0.0065458550154482795,-0.002245858699151331,0.004161102621955237
cap_diagnostic,R64_H1024_alpha1_2_L100_zero_base,R64_H2048_alpha1_2_L100_zero_base,LAGRANGIAN_K,H2048 minus H1024,complete,0.0739974568429684,0.004262642860412891,0.0009871518836978785,0.0022493333199755244,0.006275952400850257,True,0.0008311795391456878,8.056829383901019e-06,0.0008147475272819,0.0008476115510094755,True,-3.978252410888672e-05,5.554660124076915e-06,-5.111132812210353e-05,-2.8453720095669915e-05,-0.004260506629943848,0.0009871180387266104,-0.00627374714310722,-0.0022472661167804754,0.004161102621955237
cap_diagnostic,R64_H1024_alpha1_2_L100_zero_base,R64_H2048_alpha1_2_L100_zero_base,LAGRANGIAN_NI,H2048 minus H1024,complete,0.0739974568429684,0.004260506629943983,0.0009871180387266234,0.0022472661167805843,0.0062737471431073815,True,0.0008211470870197538,8.179184271896327e-06,0.0008044655307166672,0.0008378286433228403,True,-3.978252410888672e-05,5.554660124076915e-06,-5.111132812210353e-05,-2.8453720095669915e-05,-0.004260506629943848,0.0009871180387266104,-0.00627374714310722,-0.0022472661167804754,0.004161102621955237
cap_diagnostic,R64_H1024_alpha1_2_L100_zero_base,R64_H2048_alpha1_2_L100_zero_base,LAGRANGIAN_FC,H2048 minus H1024,complete,0.0739974568429684,0.004309244155883962,0.0009800108859550133,0.002310498776363856,0.006307989535404068,True,0.0008150170493599271,8.353411109393496e-06,0.000797980155079042,0.0008320539436408122,True,-4.017353057861328e-05,5.399289971427689e-06,-5.118545507633333e-05,-2.916160608089323e-05,-0.004309244155883789,0.000980010885954979,-0.006307989535403825,-0.002310498776363752,0.004161102621955237
cap_diagnostic,R64_H1024_alpha1_2_L100_zero_base,R64_H2048_alpha1_2_L100_zero_base,MYOPIC_K,H2048 minus H1024,complete,0.0739974568429684,0.02154832363128567,0.0031139286131594683,0.015197424353628416,0.027899222908942926,True,0.016299111169187808,9.668606891289681e-05,0.016101918631560744,0.01649630370681487,True,-0.00015631675720214843,1.3761347272287769e-05,-0.00018438321000450986,-0.000128250304399787,-0.02154832363128662,0.003113928613159661,-0.02789922290894427,-0.015197424353628974,0.004161102621955237
cap_diagnostic,R64_H1024_alpha4_5_L100_zero_base,R64_H2048_alpha4_5_L100_zero_base,WHITTLE_K,H2048 minus H1024,complete,0.06624256289576894,0.003798522949218841,0.0009894502630384992,0.001780525833211359,0.005816520065226323,True,9.269580670664447e-06,5.266467094602236e-07,8.1954776252199e-06,1.0343683716108995e-05,True,-3.342628479003906e-05,5.228384504887087e-06,-4.4089645290686897e-05,-2.276292428939122e-05,-0.00379852294921875,0.0009894502630385315,-0.005816520065226298,-0.001780525833211202,0.00415977750581753
cap_diagnostic,R64_H1024_alpha4_5_L100_zero_base,R64_H2048_alpha4_5_L100_zero_base,WHITTLE_P,H2048 minus H1024,complete,0.06624256289576894,0.0037985229492187855,0.0009894502630385265,0.0017805258332112476,0.005816520065226323,True,8.42722529738587e-06,1.381741287983281e-06,5.609145361102876e-06,1.1245305233668862e-05,True,-3.342628479003906e-05,5.228384504887087e-06,-4.4089645290686897e-05,-2.276292428939122e-05,-0.00379852294921875,0.0009894502630385315,-0.005816520065226298,-0.001780525833211202,0.00415977750581753
cap_diagnostic,R64_H1024_alpha4_5_L100_zero_base,R64_H2048_alpha4_5_L100_zero_base,LAGRANGIAN_K,H2048 minus H1024,complete,0.06624256289576894,0.0037985229492187855,0.0009894502630385113,0.0017805258332112784,0.005816520065226293,True,9.292848974031855e-06,5.086709090245109e-07,8.25540781528568e-06,1.033029013277803e-05,True,-3.342628479003906e-05,5.228384504887087e-06,-4.4089645290686897e-05,-2.276292428939122e-05,-0.00379852294921875,0.0009894502630385315,-0.005816520065226298,-0.001780525833211202,0.00415977750581753
cap_diagnostic,R64_H1024_alpha4_5_L100_zero_base,R64_H2048_alpha4_5_L100_zero_base,LAGRANGIAN_NI,H2048 minus H1024,complete,0.06624256289576894,0.0037985229492186745,0.0009894502630385228,0.001780525833211144,0.005816520065226205,True,9.292848974037492e-06,5.086709090248969e-07,8.255407815290531e-06,1.0330290132784454e-05,True,-3.342628479003906e-05,5.228384504887087e-06,-4.4089645290686897e-05,-2.276292428939122e-05,-0.00379852294921875,0.0009894502630385315,-0.005816520065226298,-0.001780525833211202,0.00415977750581753
cap_diagnostic,R64_H1024_alpha4_5_L100_zero_base,R64_H2048_alpha4_5_L100_zero_base,LAGRANGIAN_FC,H2048 minus H1024,complete,0.06624256289576894,0.00379852294921873,0.000989450263038547,0.0017805258332111505,0.005816520065226309,True,9.28839203838492e-06,5.095582941394059e-07,8.249141045764784e-06,1.0327643031005055e-05,True,-3.342628479003906e-05,5.228384504887087e-06,-4.4089645290686897e-05,-2.276292428939122e-05,-0.00379852294921875,0.0009894502630385315,-0.005816520065226298,-0.001780525833211202,0.00415977750581753
cap_diagnostic,R64_H1024_alpha4_5_L100_zero_base,R64_H2048_alpha4_5_L100_zero_base,MYOPIC_K,H2048 minus H1024,complete,0.06624256289576894,0.008893456459045157,0.0021816851917433847,0.004443880174680598,0.013343032743409717,True,0.003845348051872921,2.4017104345562553e-05,0.0037963648446166405,0.0038943312591292016,True,-6.632804870605468e-05,7.759493755129625e-06,-8.215364055687051e-05,-5.050245685523886e-05,-0.00889345645904541,0.002181685191743334,-0.013343032743409866,-0.0044438801746809545,0.00415977750581753
start_diagnostic,R16_H2048_alpha1_2_L100_zero_base,R16_H2048_alpha1_2_L100_cap_base,WHITTLE_K,alternative minus zero-start base,complete,0.025353198097103676,0.0,0.0,0.0,0.0,True,0.0,0.0,0.0,0.0,True,0.0,0.0,0.0,0.0,0.0,0.0,0.0,0.0,0.0
start_diagnostic,R16_H2048_alpha1_2_L100_zero_base,R16_H2048_alpha1_2_L100_cap_base,WHITTLE_P,alternative minus zero-start base,complete,0.025353198097103676,0.0,0.0,0.0,0.0,True,0.0,0.0,0.0,0.0,True,0.0,0.0,0.0,0.0,0.0,0.0,0.0,0.0,0.0
start_diagnostic,R16_H2048_alpha1_2_L100_zero_base,R16_H2048_alpha1_2_L100_cap_base,LAGRANGIAN_K,alternative minus zero-start base,complete,0.025353198097103676,0.0,0.0,0.0,0.0,True,0.0,0.0,0.0,0.0,True,0.0,0.0,0.0,0.0,0.0,0.0,0.0,0.0,0.0
start_diagnostic,R16_H2048_alpha1_2_L100_zero_base,R16_H2048_alpha1_2_L100_cap_base,LAGRANGIAN_NI,alternative minus zero-start base,complete,0.025353198097103676,0.0,0.0,0.0,0.0,True,0.0,0.0,0.0,0.0,True,0.0,0.0,0.0,0.0,0.0,0.0,0.0,0.0,0.0
start_diagnostic,R16_H2048_alpha1_2_L100_zero_base,R16_H2048_alpha1_2_L100_cap_base,LAGRANGIAN_FC,alternative minus zero-start base,complete,0.025353198097103676,0.0,0.0,0.0,0.0,True,0.0,0.0,0.0,0.0,True,0.0,0.0,0.0,0.0,0.0,0.0,0.0,0.0,0.0
start_diagnostic,R16_H2048_alpha1_2_L100_zero_base,R16_H2048_alpha1_2_L100_cap_base,MYOPIC_K,alternative minus zero-start base,complete,0.025353198097103676,0.0,0.0,0.0,0.0,True,0.0,0.0,0.0,0.0,True,0.0,0.0,0.0,0.0,0.0,0.0,0.0,0.0,0.0
start_diagnostic,R64_H2048_alpha1_2_L100_zero_base,R64_H2048_alpha1_2_L100_cap_base,WHITTLE_K,alternative minus zero-start base,complete,0.0739974568429684,0.0,0.0,0.0,0.0,True,0.0,0.0,0.0,0.0,True,0.0,0.0,0.0,0.0,0.0,0.0,0.0,0.0,0.0
start_diagnostic,R64_H2048_alpha1_2_L100_zero_base,R64_H2048_alpha1_2_L100_cap_base,WHITTLE_P,alternative minus zero-start base,complete,0.0739974568429684,0.0,0.0,0.0,0.0,True,0.0,0.0,0.0,0.0,True,0.0,0.0,0.0,0.0,0.0,0.0,0.0,0.0,0.0
start_diagnostic,R64_H2048_alpha1_2_L100_zero_base,R64_H2048_alpha1_2_L100_cap_base,LAGRANGIAN_K,alternative minus zero-start base,complete,0.0739974568429684,0.0,0.0,0.0,0.0,True,0.0,0.0,0.0,0.0,True,0.0,0.0,0.0,0.0,0.0,0.0,0.0,0.0,0.0
start_diagnostic,R64_H2048_alpha1_2_L100_zero_base,R64_H2048_alpha1_2_L100_cap_base,LAGRANGIAN_NI,alternative minus zero-start base,complete,0.0739974568429684,0.0,0.0,0.0,0.0,True,0.0,0.0,0.0,0.0,True,0.0,0.0,0.0,0.0,0.0,0.0,0.0,0.0,0.0
start_diagnostic,R64_H2048_alpha1_2_L100_zero_base,R64_H2048_alpha1_2_L100_cap_base,LAGRANGIAN_FC,alternative minus zero-start base,complete,0.0739974568429684,0.0,0.0,0.0,0.0,True,0.0,0.0,0.0,0.0,True,0.0,0.0,0.0,0.0,0.0,0.0,0.0,0.0,0.0
start_diagnostic,R64_H2048_alpha1_2_L100_zero_base,R64_H2048_alpha1_2_L100_cap_base,MYOPIC_K,alternative minus zero-start base,complete,0.0739974568429684,0.0,0.0,0.0,0.0,True,0.0,0.0,0.0,0.0,True,0.0,0.0,0.0,0.0,0.0,0.0,0.0,0.0,0.0
start_diagnostic,R64_H2048_alpha1_4_L100_zero_base,R64_H2048_alpha1_4_L100_cap_base,WHITTLE_K,alternative minus zero-start base,complete,0.17477831729040524,0.0,0.0,0.0,0.0,True,0.0,0.0,0.0,0.0,True,0.0,0.0,0.0,0.0,0.0,0.0,0.0,0.0,0.0
start_diagnostic,R64_H2048_alpha1_4_L100_zero_base,R64_H2048_alpha1_4_L100_cap_base,WHITTLE_P,alternative minus zero-start base,complete,0.17477831729040524,0.0,0.0,0.0,0.0,True,0.0,0.0,0.0,0.0,True,0.0,0.0,0.0,0.0,0.0,0.0,0.0,0.0,0.0
start_diagnostic,R64_H2048_alpha1_4_L100_zero_base,R64_H2048_alpha1_4_L100_cap_base,LAGRANGIAN_K,alternative minus zero-start base,complete,0.17477831729040524,0.0,0.0,0.0,0.0,True,0.0,0.0,0.0,0.0,True,0.0,0.0,0.0,0.0,0.0,0.0,0.0,0.0,0.0
start_diagnostic,R64_H2048_alpha1_4_L100_zero_base,R64_H2048_alpha1_4_L100_cap_base,LAGRANGIAN_NI,alternative minus zero-start base,complete,0.17477831729040524,0.0,0.0,0.0,0.0,True,0.0,0.0,0.0,0.0,True,0.0,0.0,0.0,0.0,0.0,0.0,0.0,0.0,0.0
start_diagnostic,R64_H2048_alpha1_4_L100_zero_base,R64_H2048_alpha1_4_L100_cap_base,LAGRANGIAN_FC,alternative minus zero-start base,complete,0.17477831729040524,0.0,0.0,0.0,0.0,True,0.0,0.0,0.0,0.0,True,0.0,0.0,0.0,0.0,0.0,0.0,0.0,0.0,0.0
start_diagnostic,R64_H2048_alpha1_4_L100_zero_base,R64_H2048_alpha1_4_L100_cap_base,MYOPIC_K,alternative minus zero-start base,complete,0.17477831729040524,0.0,0.0,0.0,0.0,True,0.0,0.0,0.0,0.0,True,0.0,0.0,0.0,0.0,0.0,0.0,0.0,0.0,0.0
